Rank,Name,Category,USDT Amount (USD),% of Total
1,Binance CEX,CEX,44132091844.27,52.1418%
2,OKX,CEX,10479565520.02,12.3815%
3,Bybit,CEX,5796902001.84,6.8490%
4,USDT0,Bridge,3681448167.83,4.3496%
5,JustCryptos,Bridge,2561319990.23,3.0262%
6,MEXC,CEX,2466514631.07,2.9142%
7,Bitget,CEX,1197009770.14,1.4143%
8,KuCoin,CEX,1141399985.57,1.3486%
9,WisdomTree,RWA,989113064.85,1.1686%
10,Bitfinex,CEX,966590064.03,1.1420%
11,Uniswap V2,Dexs,944938950.60,1.1164%
12,PancakeSwap AMM,Dexs,871264133.31,1.0294%
13,Gate,CEX,777645502.25,0.9188%
14,Maple,Lending,573535540.45,0.6776%
15,Raydium AMM,Dexs,567095168.34,0.6700%
16,Quickswap Dex,Dexs,459324444.83,0.5427%
17,Spark Liquidity Layer,Onchain Capital Allocator,452830282.83,0.5350%
18,Aster Bridge,Bridge,380055537.77,0.4490%
19,BingX,CEX,353803147.96,0.4180%
20,Steakhouse Financial,Risk Curators,234623726.73,0.2772%
21,Optimism Bridge,Canonical Bridge,192412589.91,0.2273%
22,Midas RWA,RWA,182913060.14,0.2161%
23,USDD,CDP,167122793.64,0.1975%
24,Kamino Liquidity,Liquidity Manager,162174027.01,0.1916%
25,HTX,CEX,150756796.11,0.1781%
26,Phemex,CEX,140605931.78,0.1661%
27,SUNSwap V3,Dexs,140284899.66,0.1657%
28,CIAN Yield Layer,Yield Aggregator,128488221.23,0.1518%
29,SparkLend,Lending,128133365.76,0.1514%
30,Uniswap V3,Dexs,122793615.46,0.1451%
31,edgeX Bridge,Bridge,120142674.26,0.1419%
32,Dswap,Dexs,104014264.80,0.1229%
33,Crypto-com,CEX,102484513.37,0.1211%
34,Curve DEX,Dexs,98876870.18,0.1168%
35,Lofty,RWA,98731458.05,0.1167%
36,PancakeSwap AMM V3,Dexs,97743399.01,0.1155%
37,JustLend,Lending,97603402.77,0.1153%
38,Bitmex,CEX,95272445.08,0.1126%
39,K3 Capital,Risk Curators,91249482.17,0.1078%
40,Venus Core Pool,Lending,80884029.37,0.0956%
41,WEEX,CEX,76780511.38,0.0907%
42,HashKey Exchange,CEX,70376294.34,0.0831%
43,Gauntlet,Risk Curators,67574305.56,0.0798%
44,Uniswap V4,Dexs,66469738.36,0.0785%
45,SUNSwap V1,Dexs,66055226.24,0.0780%
46,stUSDT,RWA,63538873.69,0.0751%
47,APX Bridge,Bridge,61794895.28,0.0730%
48,BloFin,CEX,61171064.67,0.0723%
49,Bwatch,Indexes,58324019.00,0.0689%
50,Grvt Bridge,Bridge,58206850.92,0.0688%
51,Concrete,Onchain Capital Allocator,55995054.16,0.0662%
52,Morpho Blue,Lending,55381336.08,0.0654%
53,PinkSale,Launchpad,53956044.94,0.0637%
54,Aquarius Stellar,Dexs,51883727.92,0.0613%
55,ORIGYN,RWA,51292866.58,0.0606%
56,Flying Tulip Yield,Services,50282735.30,0.0594%
57,ZEROBASE CeDeFi,Basis Trading,47479858.63,0.0561%
58,Tectonic,Lending,45302997.76,0.0535%
59,Realms,Governance Incentives,42255282.69,0.0499%
60,Bitunix,CEX,38844208.78,0.0459%
61,vfat.io,Yield Aggregator,38354227.20,0.0453%
62,Compound V3,Lending,38063277.85,0.0450%
63,Deribit,CEX,37817881.01,0.0447%
64,SunX Bridge,Bridge,34606993.16,0.0409%
65,Bitkub,CEX,34515226.62,0.0408%
66,BounceBit CeDeFi Yield,Basis Trading,34300254.13,0.0405%
67,Fluid Lending,Lending,33553309.31,0.0396%
68,PancakeSwap Infinity,Dexs,31959675.84,0.0378%
69,Folks Finance Lending,Lending,31011835.38,0.0366%
70,Vault Bridge,Risk Curators,29806057.49,0.0352%
71,Mantle Bridge,Canonical Bridge,29307964.01,0.0346%
72,Lista DEX,Dexs,28886567.09,0.0341%
73,VALR,CEX,27286856.64,0.0322%
74,Indodax,CEX,26777975.62,0.0316%
75,SushiSwap,Dexs,26714948.78,0.0316%
76,Gate US,CEX,25787538.89,0.0305%
77,Manta CeDeFi,Basis Trading,25335183.37,0.0299%
78,Ourbit,CEX,24875876.99,0.0294%
79,Hibt,CEX,23686269.53,0.0280%
80,Base Bridge,Canonical Bridge,23486895.84,0.0277%
81,Stellar DEX,Dexs,23480167.02,0.0277%
82,EGAS swap,Dexs,22571659.83,0.0267%
83,Zama,Privacy,22450397.29,0.0265%
84,Chamber Vaults,Indexes,21065206.63,0.0249%
85,Apex Omni,Derivatives,21027370.74,0.0248%
86,Vesta Equity,RWA,20634337.00,0.0244%
87,PulseX V2,Dexs,20110109.88,0.0238%
88,Biconomy.com,CEX,19997227.08,0.0236%
89,OSL,CEX,18858607.55,0.0223%
90,Avalanche Core Bridge,Canonical Bridge,18845286.11,0.0223%
91,Compound V2,Lending,18320701.54,0.0216%
92,Flipster,CEX,17881079.35,0.0211%
93,BitKan,CEX,17702468.94,0.0209%
94,Railgun,Privacy,17696985.02,0.0209%
95,Brickken,RWA,16862896.73,0.0199%
96,Yearn Finance,Yield Aggregator,16112002.17,0.0190%
97,EVAA Protocol,Lending,15654474.58,0.0185%
98,Pando Leaf,CDP,15623184.39,0.0185%
99,Multipli.fi,Yield,15608171.69,0.0184%
100,Allbridge Core,Bridge,15227458.52,0.0180%
101,Injective Bridge,Bridge,14388541.17,0.0170%
102,Bitway,Basis Trading,13953944.00,0.0165%
103,Youves,Synthetics,13415403.97,0.0159%
104,OSL HK,CEX,13101949.55,0.0155%
105,pNetwork,Bridge,13099805.90,0.0155%
106,Coinstore,CEX,12991282.75,0.0153%
107,SuiBridge,Canonical Bridge,12973005.17,0.0153%
108,Aave V2,Lending,12456247.65,0.0147%
109,Paimon,RWA,12451794.61,0.0147%
110,Polygon zkEVM Bridge,Canonical Bridge,12422886.05,0.0147%
111,cSigma Finance,RWA Lending,12240279.58,0.0145%
112,BounceBit Prime,Basis Trading,11954666.54,0.0141%
113,HashKey Global,CEX,11542794.42,0.0136%
114,Meld Gold,RWA,11449143.13,0.0135%
115,FstSwap,Dexs,11140133.44,0.0132%
116,VVS Standard,Dexs,10881237.16,0.0129%
117,Lista Lending,Lending,10820106.57,0.0128%
118,ACryptoS,Liquidity Manager,10563163.77,0.0125%
119,MetalX Swap,Dexs,10330693.65,0.0122%
120,Toros,Derivatives,10094871.89,0.0119%
121,Coin8,CEX,9510553.07,0.0112%
122,Goose,CeDeFi,9488131.88,0.0112%
123,Arrakis Modular,Liquidity Manager,9287945.85,0.0110%
124,ExinPool,Liquid Staking,9196611.00,0.0109%
125,Liminal,Basis Trading,9184298.11,0.0109%
126,Linea Bridge,Canonical Bridge,9105923.98,0.0108%
127,Stargate V2,Cross Chain Bridge,9079667.87,0.0107%
128,Gala Swap,Dexs,8870495.45,0.0105%
129,NEAR Intents,Cross Chain Bridge,8849384.78,0.0105%
130,Poloniex,CEX,8622727.83,0.0102%
131,MEV Capital,Risk Curators,8052672.40,0.0095%
132,OPINION,Prediction Market,8044739.89,0.0095%
133,Toobit,CEX,8001760.85,0.0095%
134,Polygon Bridge,Chain,7995745.15,0.0094%
135,Reserve Protocol,Indexes,7940678.18,0.0094%
136,Universal Bridge,Bridge,7843043.76,0.0093%
137,BigONE,CEX,7561084.69,0.0089%
138,CoinEx,CEX,7518592.24,0.0089%
139,Hakutora,Risk Curators,7508696.88,0.0089%
140,Merchant Moe Liquidity Book,Dexs,7486737.22,0.0088%
141,Nuls,Chain,7331698.00,0.0087%
142,Helix Perp,Derivatives,7305852.99,0.0086%
143,Tinyman,Dexs,7235024.07,0.0085%
144,Pando Rings,Lending,7171950.75,0.0085%
145,LeveX,CEX,7104144.59,0.0084%
146,EtherFi Borrowing Market,Lending,6946866.96,0.0082%
147,Hotcoin,CEX,6932246.50,0.0082%
148,LumenSwap,Dexs,6631489.43,0.0078%
149,Meteora DLMM,Dexs,6520503.22,0.0077%
150,OrangeX,CEX,6099253.26,0.0072%
151,Yearn Curating,Risk Curators,5668990.25,0.0067%
152,Katana Pre-Launch,Farm,5668879.87,0.0067%
153,Re7 Labs,Risk Curators,5664887.58,0.0067%
154,RockawayX,Risk Curators,5455330.67,0.0064%
155,BitVenus,CEX,5446201.05,0.0064%
156,Awaken Swap,Dexs,5398102.34,0.0064%
157,Zoomex,CEX,5349663.51,0.0063%
158,BYDFi,CEX,5172188.69,0.0061%
159,OpenEden PRISM,Onchain Capital Allocator,5162474.29,0.0061%
160,MetalX Dex,Dexs,5064434.82,0.0060%
161,Agni Finance,Dexs,5054991.22,0.0060%
162,Perena Vaults,Onchain Capital Allocator,5032050.70,0.0059%
163,Alpaca Leveraged Yield Farming,Leveraged Farming,4951738.87,0.0059%
164,Wing Finance,Lending,4946815.30,0.0058%
165,WOOFi Earn,Yield,4942761.24,0.0058%
166,MYX Finance,Derivatives,4916342.88,0.0058%
167,Pharaoh V3,Dexs,4914884.96,0.0058%
168,Metis Bridge,Canonical Bridge,4807526.77,0.0057%
169,Portal,Bridge,4736523.98,0.0056%
170,Scroll Bridge,Canonical Bridge,4685695.71,0.0055%
171,Jupiter Lend,Lending,4573963.27,0.0054%
172,xWin Finance,Indexes,4552506.76,0.0054%
173,Gemini,CEX,4499393.24,0.0053%
174,PancakeSwap StableSwap,Dexs,4376049.89,0.0052%
175,Harmonix Finance,Yield,4362903.86,0.0052%
176,HbarSuite,Dexs,4357459.00,0.0051%
177,SwissBorg,CEX,4336726.17,0.0051%
178,xExchange,Dexs,4335072.00,0.0051%
179,cBridge,Bridge,4235312.30,0.0050%
180,PulseChain Bridge,Canonical Bridge,4201175.36,0.0050%
181,Pulsechain,Chain,4201146.63,0.0050%
182,Ferro,Dexs,4195158.64,0.0050%
183,Ethena tsUSDe,Yield,4057083.48,0.0048%
184,Lista RWA,RWA,4031519.97,0.0048%
185,BitMart,CEX,3985336.17,0.0047%
186,ICPSwap,Dexs,3747089.48,0.0044%
187,BitU Protocol,CDP,3706386.50,0.0044%
188,InitiaDEX,Dexs,3678924.41,0.0043%
189,Storm Trade,Derivatives,3668514.94,0.0043%
190,Backpack,CEX,3588820.57,0.0042%
191,Pionex,CEX,3497537.46,0.0041%
192,Blackhole CLMM,Dexs,3410907.08,0.0040%
193,MugenFinance,Yield Aggregator,3354846.66,0.0040%
194,Starknet Bridge,Canonical Bridge,3290785.63,0.0039%
195,eva Markets,RWA,3256609.89,0.0038%
196,Native Credit Pool,Lending,3238764.82,0.0038%
197,CoinDCX,CEX,3203346.45,0.0038%
198,Kea Credit,RWA,3196699.00,0.0038%
199,Stargate V1,Cross Chain Bridge,3098813.41,0.0037%
200,Thorchain DEX,Dexs,3059422.52,0.0036%
201,Morph Bridge,Bridge,3049700.99,0.0036%
202,Hydro Lending,Lending,3015572.58,0.0036%
203,Mole,Yield,2941364.34,0.0035%
204,Chain Fusion,Decentralized BTC,2890167.19,0.0034%
205,ProBit Global,CEX,2843545.77,0.0034%
206,zkSync Era txBridge,Canonical Bridge,2811753.23,0.0033%
207,Alpaca Finance 2.0,Lending,2790691.69,0.0033%
208,UNCX Network V2,Token Locker,2786681.02,0.0033%
209,Manta Pacific,Canonical Bridge,2781503.40,0.0033%
210,zkSync Lite Bridge,Canonical Bridge,2771985.65,0.0033%
211,Hydration DEX,Dexs,2765593.02,0.0033%
212,HiYield,RWA,2724396.73,0.0032%
213,Multichain,Bridge,2666362.44,0.0032%
214,Symbiosis,Cross Chain Bridge,2618553.93,0.0031%
215,UNCX Network V3,Token Locker,2566295.11,0.0030%
216,Tapp Exchange,Dexs,2493616.31,0.0029%
217,Hyperion,Dexs,2457699.11,0.0029%
218,WhaleEx,Dexs,2426381.86,0.0029%
219,Cetus CLMM,Dexs,2398778.86,0.0028%
220,Privacy Pools,Privacy,2397722.76,0.0028%
221,KongSwap,Dexs,2376990.00,0.0028%
222,Rhea Dex,Dexs,2364214.32,0.0028%
223,Waves Exchange,Farm,2307926.34,0.0027%
224,Aave V3,Lending,2291488.61,0.0027%
225,Pact,Dexs,2238230.00,0.0026%
226,Guru Network Classic,Yield,2235618.78,0.0026%
227,Delea,CDP,2207101.46,0.0026%
228,Bitstamp,CEX,2153441.45,0.0025%
229,Balanced Exchange,Dexs,2126817.81,0.0025%
230,Scallop Lend,Lending,2112201.05,0.0025%
231,Chainge Finance,Dexs,2088482.78,0.0025%
232,Dnax,Dexs,2052127.33,0.0024%
233,Axelar,Bridge,2046536.67,0.0024%
234,AlphaLend,Lending,2031343.16,0.0024%
235,Lagoon,Onchain Capital Allocator,2019450.01,0.0024%
236,KiloEx,Derivatives,2001819.85,0.0024%
237,Latch,Yield,1958127.12,0.0023%
238,Team Finance,Token Locker,1939180.60,0.0023%
239,Flamingo Finance,Dexs,1934556.38,0.0023%
240,NerveSwap,Dexs,1893646.00,0.0022%
241,DaVinciGraph,Token Locker,1851744.00,0.0022%
242,Predict Fun,Prediction Market,1841475.70,0.0022%
243,Project 0,Lending,1827268.31,0.0022%
244,Benqi Lending,Lending,1792840.49,0.0021%
245,BulbaSwap V3,Dexs,1729779.51,0.0020%
246,marginfi Lending,Lending,1702117.29,0.0020%
247,Rhea Lend,Lending,1697875.78,0.0020%
248,Flux Finance,Lending,1695560.04,0.0020%
249,GAIB,RWA,1613820.71,0.0019%
250,Generic.Money,Algo-Stables,1603378.74,0.0019%
251,ZTLN-P,RWA,1599747.58,0.0019%
252,Angstrom,Dexs,1598979.52,0.0019%
253,Phoenix DeFi Hub,Dexs,1586386.99,0.0019%
254,Capyfi,Lending,1585267.78,0.0019%
255,Across,Cross Chain Bridge,1583662.71,0.0019%
256,Hyperlane,Cross Chain Bridge,1506357.93,0.0018%
257,Increment Swap,Dexs,1500288.80,0.0018%
258,Re,RWA,1492838.96,0.0018%
259,Okcoin,CEX,1473687.22,0.0017%
260,Kai Finance,Leveraged Farming,1466382.38,0.0017%
261,TermFinance Vaults,Yield,1446836.50,0.0017%
262,Orderly Bridge,Bridge,1431587.04,0.0017%
263,Aave Aptos,Lending,1381308.93,0.0016%
264,Joe V2.2,Dexs,1322846.73,0.0016%
265,CORE Bridge,Canonical Bridge,1294879.06,0.0015%
266,NAVI Lending,Lending,1257035.76,0.0015%
267,Derive V2,Derivatives,1253530.11,0.0015%
268,PumpSwap,Dexs,1251574.80,0.0015%
269,Nexo,CEX,1248181.89,0.0015%
270,SushiSwap V3,Dexs,1245910.03,0.0015%
271,Wildcat Protocol,Uncollateralized Lending,1228842.18,0.0015%
272,Soroswap,Dexs,1190401.37,0.0014%
273,Kava Lend,Lending,1187156.06,0.0014%
274,Bridgers,Dexs,1183034.87,0.0014%
275,Hydration Lending,Lending,1157083.46,0.0014%
276,P2PB2B,CEX,1148872.44,0.0014%
277,WOO X,CEX,1099789.04,0.0013%
278,Euler DAO,Risk Curators,1097941.22,0.0013%
279,Byreal,Dexs,1093482.38,0.0013%
280,CEX.IO,CEX,1090907.32,0.0013%
281,xDAI Stake Bridge,Canonical Bridge,1089127.25,0.0013%
282,Rho X,Derivatives,1084905.44,0.0013%
283,Quickswap V3,Dexs,1075030.80,0.0013%
284,Aborean AMM,Dexs,1059715.39,0.0013%
285,Scopuly,Dexs,1052017.02,0.0012%
286,GoPlus Locker V3,Token Locker,1033280.21,0.0012%
287,Moon Swap,Dexs,1028029.56,0.0012%
288,Venus Flux,Lending,1021823.31,0.0012%
289,Pay Protocol,Payments,1012130.89,0.0012%
290,Beefy,Yield Aggregator,1010130.23,0.0012%
291,Wan Bridge,Bridge,1009399.70,0.0012%
292,Biswap V2,Dexs,1002972.13,0.0012%
293,RSK Bridge,Canonical Bridge,985085.06,0.0012%
294,Synapse,Cross Chain Bridge,978473.76,0.0012%
295,Aries Markets,Lending,971190.68,0.0011%
296,Evedex,Derivatives,963267.55,0.0011%
297,Defi Saver,CDP Manager,962417.57,0.0011%
298,Belt Finance,Yield,952724.84,0.0011%
299,Orca DEX,Dexs,949274.09,0.0011%
300,Solv RWA,RWA,941486.84,0.0011%
301,NonKYC,CEX,940831.26,0.0011%
302,Goblin,Yield Aggregator,940293.99,0.0011%
303,Chainflip AMM,Dexs,933909.34,0.0011%
304,Veda,Onchain Capital Allocator,916574.33,0.0011%
305,GMD Protocol,Yield Aggregator,909390.59,0.0011%
306,mStable CDP,CDP,906545.67,0.0011%
307,Solo Top,Yield,899326.62,0.0011%
308,Bluefin Spot,Dexs,884141.72,0.0010%
309,Rho X LP Vault,Yield,873511.93,0.0010%
310,ShadeSwap,Dexs,868259.90,0.0010%
311,Save,Lending,866356.50,0.0010%
312,Steer Protocol,Liquidity Manager,857108.98,0.0010%
313,Fluxion Network,Dexs,855858.64,0.0010%
314,DeFIL,Lending,853199.53,0.0010%
315,Ekubo,Dexs,834963.34,0.0010%
316,BabySwap,Dexs,811227.35,0.0010%
317,Sonic Gateway,Canonical Bridge,809570.87,0.0010%
318,Suilend,Lending,802242.01,0.0009%
319,Bitlo,CEX,799879.28,0.0009%
320,Butter Network,Cross Chain Bridge,793435.30,0.0009%
321,AlphaX,Derivatives,788847.34,0.0009%
322,Swaap Maker V2,Dexs,774075.48,0.0009%
323,Aave V1,Lending,773502.45,0.0009%
324,DDEX,Dexs,769750.91,0.0009%
325,BabyDogeSwap,Dexs,764780.38,0.0009%
326,Web3.world,Dexs,752158.00,0.0009%
327,dForce Lending,Lending,749785.00,0.0009%
328,Revert Lend,Lending,728887.75,0.0009%
329,Homora V2,Leveraged Farming,723384.45,0.0009%
330,DODO AMM,Dexs,705536.17,0.0008%
331,Block Analitica,Risk Curators,673505.86,0.0008%
332,Supernova CL,Dexs,668194.44,0.0008%
333,Unitus,Lending,646617.79,0.0008%
334,Meteora DAMM V1,Dexs,645947.18,0.0008%
335,Serum,Dexs,644164.76,0.0008%
336,Aevo Perps,Derivatives,639849.72,0.0008%
337,WavesBridge,Bridge,638734.91,0.0008%
338,DxSale,Launchpad,637357.77,0.0008%
339,Tothemoon,CEX,633547.96,0.0007%
340,Aerodrome Slipstream,Dexs,631962.54,0.0007%
341,Landshare,RWA,621293.24,0.0007%
342,Pumex,DEX Aggregator,617748.07,0.0007%
343,set.wtf,Yield,616345.80,0.0007%
344,Nomiswap,Dexs,615721.48,0.0007%
345,Aarna Protocol,Yield,610613.02,0.0007%
346,Bitbond Lockers,Token Locker,607786.40,0.0007%
347,CACHE.Gold,RWA,605871.87,0.0007%
348,Yield Yak Aggregator,Yield Aggregator,587066.96,0.0007%
349,Ring Few,Bridge,580674.38,0.0007%
350,Saber,Dexs,579133.37,0.0007%
351,KPK,Risk Curators,573764.54,0.0007%
352,Meteora vaults,Yield Aggregator,570560.72,0.0007%
353,ShadeLend,Lending,559925.73,0.0007%
354,Port Finance,Lending,558705.71,0.0007%
355,MagicSea AMM,Dexs,555802.17,0.0007%
356,SyncSwap,Dexs,551628.07,0.0007%
357,Turtle Club,Onchain Capital Allocator,550189.46,0.0007%
358,Increment Lending,Lending,543833.00,0.0006%
359,DewFinance,Onchain Capital Allocator,535289.36,0.0006%
360,ICDex,Dexs,533881.93,0.0006%
361,Sovryn Bridge,Canonical Bridge,533413.93,0.0006%
362,Sigma Money,CDP,526926.41,0.0006%
363,Starswap Starcoin,Dexs,524803.45,0.0006%
364,Lisk Bridge,Canonical Bridge,522792.54,0.0006%
365,Fulcrom Perps,Derivatives,519440.39,0.0006%
366,Joe DEX,Dexs,519324.19,0.0006%
367,BiTomato,CEX,516822.48,0.0006%
368,B.Protocol Curator,Risk Curators,507258.83,0.0006%
369,ELFi Protocol,Derivatives,504921.30,0.0006%
370,Bunny,Yield,502394.30,0.0006%
371,4Swap,Dexs,495876.24,0.0006%
372,CoinW,CEX,495275.13,0.0006%
373,Manifest Trade,Dexs,494275.93,0.0006%
374,Euler V2,Lending,493453.51,0.0006%
375,Fastex,CEX,491881.03,0.0006%
376,Kamino Lend,Lending,490769.14,0.0006%
377,Arkham Exchange,CEX,489115.23,0.0006%
378,DragonSwap V3 Kaia,Dexs,484582.78,0.0006%
379,CherrySwap,Dexs,474630.43,0.0006%
380,River Omni-CDP,CeDeFi,471767.74,0.0006%
381,Krystal,Liquidity Manager,470690.21,0.0006%
382,PulseX V1,Dexs,467015.66,0.0006%
383,Tradoor,Derivatives,463597.15,0.0005%
384,Nerve,Dexs,461265.73,0.0005%
385,Momentum,Dexs,456162.93,0.0005%
386,NerveBridge,Bridge,452578.99,0.0005%
387,Echelon Market,Lending,449249.63,0.0005%
388,Gravity Bridge,Bridge,434053.94,0.0005%
389,MDEX,Dexs,430185.25,0.0005%
390,Forthewin Network,Dexs,425672.56,0.0005%
391,TermMax,Lending,425643.91,0.0005%
392,Bitrue,CEX,420621.16,0.0005%
393,Mode Bridge,Canonical Bridge,417150.97,0.0005%
394,SUN.io,Dexs,406995.16,0.0005%
395,Autofarm,Yield Aggregator,405474.98,0.0005%
396,Cyclone,Yield,399936.89,0.0005%
397,Fuel Bridge,Bridge,396884.88,0.0005%
398,DefiBox,Dexs,391500.63,0.0005%
399,Liquidium,Lending,391143.64,0.0005%
400,Pala,Dexs,387146.47,0.0005%
401,LayerBank,Lending,382494.24,0.0005%
402,Dexalot DEX,Dexs,378433.31,0.0004%
403,Fusion by IPOR,Yield Aggregator,376961.09,0.0004%
404,PacaSwap Bridge,Bridge,370472.13,0.0004%
405,KSwap Finance,Dexs,369961.76,0.0004%
406,KyberSwap Classic,Dexs,367513.35,0.0004%
407,Loopring,Dexs,361291.46,0.0004%
408,Telegram USD,CDP,361202.71,0.0004%
409,Neku,Lending,357870.33,0.0004%
410,Octus Bridge,Bridge,356142.34,0.0004%
411,Counterstake,Cross Chain Bridge,354107.67,0.0004%
412,Kava Mint,CDP,352000.38,0.0004%
413,PotatoSwap V2,Dexs,349775.27,0.0004%
414,Gearbox,Lending,343169.67,0.0004%
415,JSwap,Dexs,342853.28,0.0004%
416,Depth,Dexs,336985.29,0.0004%
417,WOOFi Swap,Dexs,333153.35,0.0004%
418,THENA V1,Dexs,327304.20,0.0004%
419,Aerodrome V1,Dexs,325829.81,0.0004%
420,ShadeX,Lending,320156.72,0.0004%
421,Helix Spot,Dexs,319798.72,0.0004%
422,Liqwid,Lending,316740.82,0.0004%
423,Ostable,Algo-Stables,315088.76,0.0004%
424,ColorPool,Dexs,307895.31,0.0004%
425,Aborean CL,Dexs,307681.41,0.0004%
426,VenomBridge,Bridge,303363.15,0.0004%
427,Aequinox,Dexs,302472.43,0.0004%
428,Alephium Bridge,Bridge,301836.47,0.0004%
429,Torch Dexs,Dexs,294065.50,0.0003%
430,Aave V4,Lending,290571.67,0.0003%
431,ICHI,Liquidity Manager,287372.17,0.0003%
432,Hop Protocol,Cross Chain Bridge,285606.20,0.0003%
433,Black Panther,Yield,283798.54,0.0003%
434,MUFEX,Derivatives,271632.64,0.0003%
435,Probable,Prediction Market,271238.74,0.0003%
436,Lulo,Yield Aggregator,270958.70,0.0003%
437,Velodrome V3,Dexs,267581.67,0.0003%
438,Harvest Finance,Yield Aggregator,265367.97,0.0003%
439,NX Finance,Yield Aggregator,263182.50,0.0003%
440,Shadow Exchange CLMM,Dexs,262435.10,0.0003%
441,SYMMIO,Derivatives,260906.24,0.0003%
442,Sophon Bridge,Canonical Bridge,255564.92,0.0003%
443,BOB Bridge,Bridge,254429.64,0.0003%
444,AlphaFi Agg,Yield Aggregator,253793.74,0.0003%
445,Titano Swych,Dexs,253458.94,0.0003%
446,Demeter,Lending,252657.42,0.0003%
447,PulseX StableSwap,Dexs,249894.99,0.0003%
448,DerivaDEX,Derivatives,246273.62,0.0003%
449,Myriad Markets,Prediction Market,245335.92,0.0003%
450,Mitosis,Onchain Capital Allocator,244485.73,0.0003%
451,PepeTeam Bridge,Bridge,242538.95,0.0003%
452,BiFi,Lending,237357.39,0.0003%
453,Stable Swap V3,Dexs,236122.21,0.0003%
454,Knit Finance,Bridge,232931.18,0.0003%
455,SquadSwap WOW,Dexs,227037.89,0.0003%
456,ApeX Pro,Derivatives,226624.00,0.0003%
457,TurboFlow,Derivatives,226579.98,0.0003%
458,Reaper Farm,Yield Aggregator,225304.75,0.0003%
459,GIBXSwap,Dexs,224224.98,0.0003%
460,Astroport,Dexs,223007.19,0.0003%
461,SatoshiCoreSwap,Dexs,222217.18,0.0003%
462,Soneium Bridge,Canonical Bridge,221502.26,0.0003%
463,MaxShot,Onchain Capital Allocator,220034.81,0.0003%
464,LlamaPay,Payments,217770.51,0.0003%
465,Vires Finance,Lending,216196.49,0.0003%
466,FlowX V3,Dexs,210250.47,0.0002%
467,Kinza Finance,Lending,210035.58,0.0002%
468,JustLock,Token Locker,207819.84,0.0002%
469,Ellipsis Finance,Dexs,207165.60,0.0002%
470,Nami Index,Indexes,205634.73,0.0002%
471,SingularV,Risk Curators,203366.76,0.0002%
472,Quickswap V4,Dexs,202467.42,0.0002%
473,Phiat Protocol,Lending,200816.66,0.0002%
474,Dexalot Portfolio,Bridge,199724.37,0.0002%
475,Honeypop DEX,Dexs,195513.25,0.0002%
476,ENIBridge,Canonical Bridge,195396.43,0.0002%
477,Excellar,Basis Trading,194685.94,0.0002%
478,Joe V2.1,Dexs,194478.48,0.0002%
479,Convergence,Dexs,193446.57,0.0002%
480,Deri V4,Options,191770.00,0.0002%
481,NetSwap,Dexs,190727.36,0.0002%
482,Gamma,Liquidity Manager,190161.07,0.0002%
483,LiquidSwap,Dexs,189330.63,0.0002%
484,Blackwing,Farm,188958.81,0.0002%
485,Pickle,Yield Aggregator,188885.80,0.0002%
486,YFII,Yield Aggregator,188833.54,0.0002%
487,Venus Isolated Pools,Lending,187909.61,0.0002%
488,TheDeep,Liquidity Manager,185725.49,0.0002%
489,Orion Pools,Dexs,183757.65,0.0002%
490,Frigg.eco,RWA,182532.15,0.0002%
491,Camelot V3,Dexs,181550.21,0.0002%
492,Moar Market,Leveraged Farming,181301.80,0.0002%
493,Trisolaris,Dexs,179833.92,0.0002%
494,Meson,Cross Chain Bridge,177366.73,0.0002%
495,Unchain X,Dexs,176945.48,0.0002%
496,Magma,Dexs,175949.28,0.0002%
497,THENA INTEGRAL,Dexs,175945.55,0.0002%
498,Enosys Bridge,Bridge,175488.38,0.0002%
499,OneSwap,Dexs,175354.35,0.0002%
500,Infinite Trading Protocol,AI Agents,175060.28,0.0002%
501,Osmosis DEX,Dexs,174133.28,0.0002%
502,Meter Passport,Bridge,168964.49,0.0002%
503,Swappi,Dexs,168523.04,0.0002%
504,Lazy Summer Protocol,Yield Aggregator,166262.25,0.0002%
505,Rocket Vault,Onchain Capital Allocator,166080.12,0.0002%
506,MUX Perps,Derivatives,165170.54,0.0002%
507,Asset Chain Swap,Dexs,164459.10,0.0002%
508,Biswap V3,Dexs,163321.11,0.0002%
509,KillSwitch,Yield Aggregator,162897.00,0.0002%
510,Cellana Finance,Dexs,162740.54,0.0002%
511,Stargaze,NFT Marketplace,157779.88,0.0002%
512,ThalaSwap V2,Dexs,157439.80,0.0002%
513,Bondlink Finance,RWA,151991.52,0.0002%
514,Loopscale,Lending,151254.60,0.0002%
515,Bitlayer YBTC Family,Anchor BTC,151137.03,0.0002%
516,Beam Swap,Dexs,150808.19,0.0002%
517,DipCoin Spot,Dexs,150465.86,0.0002%
518,Omm,Lending,150403.25,0.0002%
519,Ashswap,Dexs,149450.00,0.0002%
520,Scrub Invest,Yield,148827.45,0.0002%
521,GrizzlyFi Hives,Yield,143824.00,0.0002%
522,BFly Finance,Lending,140609.38,0.0002%
523,Zircuit,Canonical Bridge,140271.84,0.0002%
524,Pangolin V2,Dexs,139093.23,0.0002%
525,Arbitrum Bridge,Canonical Bridge,138837.58,0.0002%
526,Atrix,Dexs,138637.13,0.0002%
527,Mito Finance,Liquidity Manager,138463.35,0.0002%
528,Taiko Bridge,Canonical Bridge,138355.39,0.0002%
529,Nerve Staking,Dexs,137418.00,0.0002%
530,DMD Finance,Yield,135410.84,0.0002%
531,THENA FUSION,Dexs,135057.59,0.0002%
532,Ambient,Dexs,134187.94,0.0002%
533,Perena Dex,Dexs,133885.40,0.0002%
534,Boba Bridge,Canonical Bridge,132569.88,0.0002%
535,Hatom Lending,Lending,131094.88,0.0002%
536,IPOR Derivatives,Derivatives,130061.95,0.0002%
537,Tokenlon AMM,Dexs,129868.26,0.0002%
538,PayCash,Dexs,129639.29,0.0002%
539,Alcum,Yield,129442.32,0.0002%
540,JustMoney,Dexs,126558.34,0.0001%
541,Cypher V4,Dexs,126336.99,0.0001%
542,Libre Swap,Dexs,125057.02,0.0001%
543,Orbit Bridge,Bridge,123266.40,0.0001%
544,Idle,Yield Aggregator,122815.03,0.0001%
545,MachineX CL,Dexs,122464.66,0.0001%
546,MagicSea LB,Dexs,121673.06,0.0001%
547,MetaCoin Swap,Dexs,121427.60,0.0001%
548,ioTube,Bridge,119451.62,0.0001%
549,FlatQube,Dexs,118717.00,0.0001%
550,illumineX,Cross Chain Bridge,116938.25,0.0001%
551,HOPE Swap,Dexs,114747.72,0.0001%
552,Aurigami,Lending,114294.82,0.0001%
553,ThalaSwap V3,Dexs,113556.46,0.0001%
554,Paraluni Dex,Dexs,112928.60,0.0001%
555,Drift Trade,Derivatives,112657.48,0.0001%
556,ApeSwap AMM,Dexs,112507.26,0.0001%
557,Zero Network,Canonical Bridge,111858.79,0.0001%
558,ShimmerBridge,Bridge,111812.29,0.0001%
559,Themis DEX,Dexs,111400.44,0.0001%
560,Hyperithm,Risk Curators,110949.78,0.0001%
561,Etherex CL,Dexs,110322.93,0.0001%
562,Clipper,Dexs,109976.87,0.0001%
563,Puzzle Swap,Dexs,109225.43,0.0001%
564,Mezo Bridge,Bridge,107662.53,0.0001%
565,Kokoa Finance,CDP,106565.24,0.0001%
566,xSigma,Dexs,105268.27,0.0001%
567,Swaylend,Lending,104521.08,0.0001%
568,Balancer V3,Dexs,100739.59,0.0001%
569,iZUMi LiquidBox,Yield,100067.03,0.0001%
570,MochiFi,Lending,100047.87,0.0001%
571,Jupiter Perpetual Exchange,Derivatives,99302.49,0.0001%
572,Bancor V2.1,Dexs,99025.19,0.0001%
573,Equilibre,Dexs,98972.10,0.0001%
574,Puzzle Lend,Lending,98746.47,0.0001%
575,Nostra Money Market,Lending,98073.51,0.0001%
576,HARD Swap,Dexs,97952.70,0.0001%
577,Interlay Lending,Lending,97359.96,0.0001%
578,Verse,Dexs,96465.17,0.0001%
579,Sablier Lockup,Payments,96462.44,0.0001%
580,YouSwap,Dexs,95615.54,0.0001%
581,Figure Markets Democratized Prime,RWA Lending,95236.43,0.0001%
582,Superposition,Lending,95064.33,0.0001%
583,Uswap,Dexs,93907.12,0.0001%
584,Privacy Cash,Privacy,93313.44,0.0001%
585,SpaceFi zkSync,Dexs,92433.39,0.0001%
586,DeltaPrime,Leveraged Farming,90316.55,0.0001%
587,ThalaSwap,Dexs,90165.30,0.0001%
588,Radiant V2,Lending,89195.93,0.0001%
589,Aldrin,Dexs,88361.23,0.0001%
590,four.meme,Launchpad,87542.43,0.0001%
591,Integral,Dexs,87323.51,0.0001%
592,Extra Finance Xlend,Lending,85786.69,0.0001%
593,zkLink Nova,Chain,85099.81,0.0001%
594,savmSwap,Dexs,84485.18,0.0001%
595,SiennaLend,Lending,83851.21,0.0001%
596,Lynex V2,Dexs,82803.50,0.0001%
597,iZiSwap,Dexs,82448.33,0.0001%
598,PHAME Protocol,Derivatives,82359.56,0.0001%
599,Electra,Derivatives,81941.38,0.0001%
600,Component,Dexs,80428.62,0.0001%
601,Apricot Finance,Lending,80077.91,0.0001%
602,Hashport,Bridge,79876.61,0.0001%
603,Fountain Protocol,Lending,78859.32,0.0001%
604,Melegaswap,Dexs,78230.71,0.0001%
605,GMX V2 Perps,Derivatives,77830.34,0.0001%
606,W3swap,Dexs,76957.08,0.0001%
607,Current,Lending,75872.70,0.0001%
608,Cakepie,Yield,75782.56,0.0001%
609,Exmo,CEX,75450.94,0.0001%
610,Gambit Financial,Derivatives,75178.88,0.0001%
611,Kine Finance,Yield,75007.59,0.0001%
612,Smoothy,Dexs,74071.63,0.0001%
613,Unichain Bridge,Canonical Bridge,73764.32,0.0001%
614,Bridge Mutual,Insurance,73403.56,0.0001%
615,JediSwap V1,Dexs,71805.93,0.0001%
616,BabyDoge Bridge,Bridge,71800.71,0.0001%
617,Basis Cash,Algo-Stables,71152.83,0.0001%
618,10KSwap,Dexs,70840.27,0.0001%
619,OKCSwap,Dexs,69055.71,0.0001%
620,Balancer V2,Dexs,68535.16,0.0001%
621,Starlay Finance,Lending,68488.90,0.0001%
622,Compx Yield,Yield,67743.51,0.0001%
623,DorkFi,Lending,67593.47,0.0001%
624,FlokiFi Locker,Token Locker,67477.89,0.0001%
625,Swerve,Dexs,67472.65,0.0001%
626,DeepBook V3,Dexs,66010.25,0.0001%
627,NemoSwap,Dexs,65901.58,0.0001%
628,APY Finance,Yield,65809.96,0.0001%
629,Swych Perpetual,Derivatives,65225.63,0.0001%
630,SakuraSwap CLMM,Dexs,65165.27,0.0001%
631,Mento V2,Algo-Stables,65146.26,0.0001%
632,Aerodrome Ignition,Launchpad,64495.89,0.0001%
633,USDFI Lending,Lending,64346.85,0.0001%
634,MojitoSwap,Dexs,63447.46,0.0001%
635,Dopple Finance,Algo-Stables,62788.64,0.0001%
636,Zircuit Finance,Yield,62736.57,0.0001%
637,Wombat Exchange,Dexs,61503.39,0.0001%
638,PRDT,Prediction Market,60965.46,0.0001%
639,Immutable zkEVM,Chain,60747.00,0.0001%
640,Clip Finance,Liquidity Manager,59523.52,0.0001%
641,MM Finance Cronos,Dexs,59379.69,0.0001%
642,SocialSwap,Dexs,58836.85,0.0001%
643,ZKSwap,Chain,58144.13,0.0001%
644,Clearpool Lending,Uncollateralized Lending,57996.63,0.0001%
645,Mars Poolin,Yield,57825.16,0.0001%
646,NewrlRWA,RWA,57769.65,0.0001%
647,Whales Market,OTC Marketplace,57646.74,0.0001%
648,WePiggy,Lending,56988.46,0.0001%
649,Bastion,Lending,56596.35,0.0001%
650,PHUX,Dexs,56378.00,0.0001%
651,Blackhole AMM,Dexs,55376.17,0.0001%
652,Mendi Finance,Lending,55257.92,0.0001%
653,Maya Protocol,Cross Chain Bridge,53793.33,0.0001%
654,Bucket Protocol V2,CDP,53768.39,0.0001%
655,SiennaSwap,Dexs,53650.89,0.0001%
656,LuaSwap,Dexs,53508.86,0.0001%
657,CronaSwap,Dexs,53068.73,0.0001%
658,Humble Defi,Dexs,52900.14,0.0001%
659,Anvil,Collateral Management,52259.97,0.0001%
660,Turbos,Dexs,52248.96,0.0001%
661,MetalX Lending,Lending,51549.45,0.0001%
662,mySwap V1,Dexs,51077.89,0.0001%
663,INIT Capital,Lending,50819.62,0.0001%
664,HunnySwap,Dexs,50655.30,0.0001%
665,SumSwap,Dexs,50613.30,0.0001%
666,Pangolin V3,Dexs,50572.43,0.0001%
667,MiniSwap,Dexs,50301.37,0.0001%
668,Bunni V2,Dexs,50139.51,0.0001%
669,TEN Finance,Yield,49886.90,0.0001%
670,ShibaSwap V1,Dexs,49848.34,0.0001%
671,Saros DLMM,Dexs,49611.68,0.0001%
672,Ambit Finance,Lending,49592.06,0.0001%
673,SailFish Finance,Dexs,49528.39,0.0001%
674,Swop,Dexs,49323.64,0.0001%
675,Maverick V1,Dexs,49231.96,0.0001%
676,Ridotto,Luck Games,48992.78,0.0001%
677,DeepLock,Launchpad,48855.34,0.0001%
678,Swim Protocol,Cross Chain Bridge,48705.18,0.0001%
679,w3bank,Lending,47690.20,0.0001%
680,Vesu,Lending,47366.44,0.0001%
681,EZManager,Liquidity Manager,47139.46,0.0001%
682,Orchai Money Market,Lending,47081.04,0.0001%
683,Neptune Finance,Lending,47006.01,0.0001%
684,HiveSwap V3,Dexs,46836.33,0.0001%
685,Arcadia V2,Liquidity Manager,46402.13,0.0001%
686,ButterSwap,Dexs,46390.21,0.0001%
687,LendFlare,Lending,46343.72,0.0001%
688,Troves,Yield,46246.79,0.0001%
689,v60,Dexs,46108.28,0.0001%
690,Ferra DLMM,Dexs,44752.42,0.0001%
691,Deepr Finance,Lending,44739.95,0.0001%
692,GASSSS,Dexs,44470.01,0.0001%
693,Coffin.Meme,Derivatives,42686.61,0.0001%
694,stabble Stableswap,Dexs,42427.14,0.0001%
695,Dolomite,Lending,42219.14,0.0000%
696,JustBet,Luck Games,41759.82,0.0000%
697,BitStable Finance,CDP,41443.43,0.0000%
698,9mm V3,Dexs,41074.40,0.0000%
699,Defi Swap,Dexs,40859.30,0.0000%
700,1inch,DEX Aggregator,40748.54,0.0000%
701,OpenGDP Shared Security,Restaking,40286.58,0.0000%
702,Oswap AMM,Dexs,40134.03,0.0000%
703,mySwap CL,Dexs,40074.51,0.0000%
704,AggreLend,Yield Aggregator,39488.40,0.0000%
705,9inch V2,Dexs,39219.89,0.0000%
706,DefiChain DEX,Dexs,39131.23,0.0000%
707,Alita Finance,Dexs,39013.68,0.0000%
708,Sophon Farm,Farm,38481.93,0.0000%
709,Pepu Bridge,Bridge,38378.86,0.0000%
710,Superform,Yield Aggregator,38335.78,0.0000%
711,Mars Ecosystem,CDP,38227.58,0.0000%
712,Moonwell Lending,Lending,38044.33,0.0000%
713,OkieSwap V3,Dexs,37942.17,0.0000%
714,ArthSwap V2,Dexs,37674.51,0.0000%
715,WAGMI,Dexs,36908.42,0.0000%
716,Tornado Cash,Privacy,36904.19,0.0000%
717,Ultraswap,Lending,36378.50,0.0000%
718,Rabbit Swap,Dexs,35506.89,0.0000%
719,Velodrome V2,Dexs,35387.36,0.0000%
720,SithSwap,Dexs,35299.22,0.0000%
721,Swamp Finance,Yield,35264.54,0.0000%
722,PegaSys V3,Dexs,35109.42,0.0000%
723,KIM Exchange V2,Dexs,33874.46,0.0000%
724,Soon,Chain,33812.96,0.0000%
725,Sablier Legacy,Payments,33673.96,0.0000%
726,Uniwhale,Derivatives,33390.47,0.0000%
727,Ionic Protocol,Lending,33239.64,0.0000%
728,WagyuSwap,Dexs,33168.01,0.0000%
729,VVS Flawless,Dexs,32962.03,0.0000%
730,AuroraSwap,Dexs,32932.29,0.0000%
731,ASA.Gold,RWA,32845.51,0.0000%
732,Hydro LSD-Fi,Yield,32743.59,0.0000%
733,BakerySwap,Dexs,32588.96,0.0000%
734,Pls2e,Dexs,32362.34,0.0000%
735,Almanak,Onchain Capital Allocator,32247.06,0.0000%
736,KnightSwap Finance,Dexs,31661.54,0.0000%
737,FinNexus,Options,31458.49,0.0000%
738,StarkDeFI,Dexs,31332.33,0.0000%
739,IDEX Classic,Dexs,31319.77,0.0000%
740,UltraYield Curator,Risk Curators,30915.58,0.0000%
741,UwU Lend,Lending,30597.95,0.0000%
742,Verus Market,Dexs,30300.26,0.0000%
743,Fluxtra,Liquid Staking,30298.45,0.0000%
744,Chainflip Lending,Lending,30239.44,0.0000%
745,Voltage V4,Dexs,30182.87,0.0000%
746,Skate AMM,Dexs,30061.54,0.0000%
747,SecretSwap,Dexs,29821.31,0.0000%
748,Impossible Finance,Launchpad,29628.54,0.0000%
749,ZeroLend Lending,Lending,29267.24,0.0000%
750,Granary Finance,Lending,28058.93,0.0000%
751,DefiTuna Lending,Lending,27852.95,0.0000%
752,AutoShark,Dexs,27747.69,0.0000%
753,Pepu V3,Dexs,27528.18,0.0000%
754,Intercroneswap,Dexs,27234.62,0.0000%
755,White Whale Dex,Dexs,26866.61,0.0000%
756,SheepDex,Dexs,26447.66,0.0000%
757,Hashflow,DEX Aggregator,26164.07,0.0000%
758,Microchain,Dexs,26126.58,0.0000%
759,InsurAce,Insurance,25836.99,0.0000%
760,PhotonSwap Finance,Dexs,25755.06,0.0000%
761,Twindex,Options,25528.37,0.0000%
762,BOB Fusion,Farm,25438.22,0.0000%
763,ValueDefi,Dexs,25239.12,0.0000%
764,TON Hedge,Options,25169.93,0.0000%
765,Dinosaur Eggs,Dexs,24876.18,0.0000%
766,StoneDefi,Yield Aggregator,24850.10,0.0000%
767,Serum Swap,Dexs,24740.90,0.0000%
768,FusionX V3,Dexs,24740.14,0.0000%
769,ChainGPT,Launchpad,24730.49,0.0000%
770,Nostra Money Market Alpha,Lending,24286.52,0.0000%
771,BXH,Dexs,23991.60,0.0000%
772,SiO2 Finance,Lending,23836.39,0.0000%
773,Wrap Protocol,Synthetics,23697.23,0.0000%
774,EulerDebt,Secondary Debt Markets,23502.33,0.0000%
775,Koi Finance AMM,Dexs,23320.21,0.0000%
776,Nostra Pools,Dexs,23248.25,0.0000%
777,Nightshade Finance,Dexs,23208.10,0.0000%
778,Fraxtal,Chain,23133.76,0.0000%
779,Tethys AMM,Dexs,22922.82,0.0000%
780,WannaSwap,Dexs,22848.30,0.0000%
781,Superp,Derivatives,22751.47,0.0000%
782,Umbra,Dexs,22419.61,0.0000%
783,SKALE Network Bridge,Bridge,22340.09,0.0000%
784,Bucket CDP,CDP,22118.12,0.0000%
785,ArcherSwap,Dexs,21627.80,0.0000%
786,Veplus,Dexs,21607.24,0.0000%
787,TanX.fi,Dexs,21486.12,0.0000%
788,TidalDex,Dexs,21165.93,0.0000%
789,Bril Finance,Yield Aggregator,21013.36,0.0000%
790,Cytonic Airdrop Campaign,Farm,20960.13,0.0000%
791,Streamflow,Payments,20869.65,0.0000%
792,zkSwap StableSwap,Dexs,20627.68,0.0000%
793,Impermax V2,Lending,20591.45,0.0000%
794,ChimpX AI DEX,Dexs,20551.06,0.0000%
795,Arch,Indexes,20238.24,0.0000%
796,Kona Stableswap,Dexs,20177.65,0.0000%
797,WardenSwap,Dexs,20111.95,0.0000%
798,Lydia,Dexs,19972.61,0.0000%
799,Zeno Exchange,Derivatives,19770.49,0.0000%
800,Collex,Physical TCG,19481.28,0.0000%
801,Pell Network,Restaking,19323.34,0.0000%
802,Rubicon,Dexs,19307.26,0.0000%
803,Velvet V2,Indexes,19255.11,0.0000%
804,Skate Fi,Liquidity Manager,19230.13,0.0000%
805,Hermes V1,Dexs,19196.82,0.0000%
806,StableHodl,Yield,19188.46,0.0000%
807,IcecreamSwap V3,Dexs,19019.96,0.0000%
808,Multiplier,Lending,18889.75,0.0000%
809,Warp Protocol,Lending,18810.99,0.0000%
810,Rose,Dexs,18667.15,0.0000%
811,KyberSwap Elastic,Dexs,18651.91,0.0000%
812,Phoenix Spot,Dexs,18617.17,0.0000%
813,DexFi Aggregator,Yield Aggregator,18582.42,0.0000%
814,KuSwap,Dexs,18350.42,0.0000%
815,Planet Farm,Yield,18307.86,0.0000%
816,Polkaswap,Dexs,18282.26,0.0000%
817,Definix,Dexs,18068.17,0.0000%
818,Molten V4,Dexs,17997.14,0.0000%
819,Citrea Bridge,Bridge,17972.98,0.0000%
820,Perpetual Protocol,Derivatives,17724.32,0.0000%
821,Etherex Legacy,Dexs,17721.56,0.0000%
822,MFinance,Yield,17630.54,0.0000%
823,MIM Swap,Dexs,17613.63,0.0000%
824,Lifinity V1,Dexs,17598.58,0.0000%
825,Avalon Finance,Lending,17452.38,0.0000%
826,ReactorFusion,Lending,17438.82,0.0000%
827,BulbaSwap V2,Dexs,17215.05,0.0000%
828,Wswap Bridge,Bridge,17172.97,0.0000%
829,Zencha Finance,Dexs,16922.84,0.0000%
830,MemeDex,Dexs,16868.53,0.0000%
831,Morpho Optimizer AaveV2,Lending,16832.06,0.0000%
832,LayerAkira,Dexs,16404.92,0.0000%
833,VirBiCoin DEX,Dexs,16371.57,0.0000%
834,Segment Finance,Lending,16364.24,0.0000%
835,ICPEx,Dexs,16356.88,0.0000%
836,GlowSwap,Dexs,16322.69,0.0000%
837,PepeTeam DEX,Dexs,16187.28,0.0000%
838,KLEX Finance,Dexs,16168.14,0.0000%
839,MooniSwap,Dexs,15878.27,0.0000%
840,Folks Finance xChain,Lending,15754.88,0.0000%
841,OpenLeverage,Dexs,15633.43,0.0000%
842,Sideswap,Dexs,15591.00,0.0000%
843,Fufuture V1,Derivatives,15452.10,0.0000%
844,SMARDEX AMM,Dexs,15296.71,0.0000%
845,Nile CL,Dexs,15208.73,0.0000%
846,SparkDEX V3.1,Dexs,15071.72,0.0000%
847,RaccoonSwap,Dexs,14898.06,0.0000%
848,Kyo Finance,Dexs,14636.25,0.0000%
849,Larix,Lending,14589.62,0.0000%
850,Bancor V3,Dexs,14556.67,0.0000%
851,KTX Perps,Derivatives,14391.00,0.0000%
852,Radpie,Yield,14371.24,0.0000%
853,Canto Lending,Lending,14351.92,0.0000%
854,Sovryn Dex,Dexs,14345.88,0.0000%
855,zkFinance,Lending,14330.14,0.0000%
856,10KDex,Derivatives,14326.61,0.0000%
857,Meso Finance,Lending,13954.39,0.0000%
858,Poolshark,Dexs,13931.34,0.0000%
859,Saddle Finance,Dexs,13920.70,0.0000%
860,OolongSwap,Dexs,13788.58,0.0000%
861,Green Planet,Lending,13644.45,0.0000%
862,Optimus,Yield,13619.00,0.0000%
863,Kalax,Yield Aggregator,13612.54,0.0000%
864,OpenOcean,DEX Aggregator,13605.07,0.0000%
865,Algofi Lend,Lending,13550.92,0.0000%
866,Supra Bridge,Canonical Bridge,13451.45,0.0000%
867,Carbon Defi,Dexs,13391.90,0.0000%
868,Bolide,Yield Aggregator,13329.86,0.0000%
869,DragonSwap V2 Kaia,Dexs,13195.94,0.0000%
870,Sushi BentoBox,Yield,13123.68,0.0000%
871,CyberTime,Services,13111.46,0.0000%
872,Lunos,Insurance,13052.44,0.0000%
873,JEXchangeDefi,Dexs,12918.68,0.0000%
874,MachineX Legacy,Dexs,12849.57,0.0000%
875,1sec,Bridge,12802.76,0.0000%
876,Waterfall BSC,Yield,12751.42,0.0000%
877,MultiBit Protocol,Bridge,12650.39,0.0000%
878,Elexium,Dexs,12585.00,0.0000%
879,Hidden Hand,Governance Incentives,12527.21,0.0000%
880,Gnosis Protocol v1,Prediction Market,12317.91,0.0000%
881,Cega V2,Options,12165.14,0.0000%
882,Vigor,Lending,12156.68,0.0000%
883,Beta Finance V1,Lending,12144.24,0.0000%
884,SmartCredit,Lending,12135.69,0.0000%
885,PumpSpace V2,Dexs,12046.83,0.0000%
886,BitSwap,Cross Chain Bridge,11897.34,0.0000%
887,Amulet V2,Yield Aggregator,11838.14,0.0000%
888,Minterest,Lending,11796.78,0.0000%
889,BaseX,Dexs,11739.42,0.0000%
890,StellaSwap V2,Dexs,11617.61,0.0000%
891,zkBob,Privacy,11586.40,0.0000%
892,deBridge,Bridge,11341.39,0.0000%
893,Capybara Dexs,Dexs,11290.08,0.0000%
894,Switcheo Finance,Dexs,11279.61,0.0000%
895,MantisSwap,Dexs,11269.39,0.0000%
896,FIVA,Yield,11260.16,0.0000%
897,Vee Finance,Lending,11254.80,0.0000%
898,Xfai,Dexs,11252.00,0.0000%
899,Bifrost DEX,Dexs,11136.17,0.0000%
900,AYIN,Dexs,10759.28,0.0000%
901,Anome,NFT Marketplace,10755.71,0.0000%
902,zkSwap V2,Dexs,10689.72,0.0000%
903,Revoswap,Dexs,10491.39,0.0000%
904,ApeSwap Lending,Lending,10385.06,0.0000%
905,Umee,Lending,10265.17,0.0000%
906,Conic Finance,Yield,10248.83,0.0000%
907,DAOventures,Yield,10243.55,0.0000%
908,Ferra CLMM,Dexs,10083.26,0.0000%
909,Rainbow Bridge,Bridge,10062.11,0.0000%
910,BrownFi,Dexs,10027.17,0.0000%
911,TreeDefi,Yield,10015.44,0.0000%
912,Fungify,Lending,9953.92,0.0000%
913,Canary,Dexs,9937.18,0.0000%
914,Skydrome,Dexs,9927.45,0.0000%
915,Charm Finance V1,Liquidity Manager,9921.64,0.0000%
916,Nested,Indexes,9908.66,0.0000%
917,Solidly V3,Dexs,9868.35,0.0000%
918,Sommelier,Onchain Capital Allocator,9861.70,0.0000%
919,DefiTuna AMM,Dexs,9861.32,0.0000%
920,Supernova AMM,Dexs,9825.11,0.0000%
921,PotatoSwap V3,Dexs,9820.79,0.0000%
922,Full Sail,Dexs,9763.98,0.0000%
923,Kalmy App,Yield,9751.21,0.0000%
924,SashimiSwap,Dexs,9712.50,0.0000%
925,IXS,Dexs,9650.95,0.0000%
926,MiningTycoon,Gaming,9621.51,0.0000%
927,Superlend,Lending,9542.28,0.0000%
928,AlienX,Chain,9471.36,0.0000%
929,Kagla Finance,Dexs,9305.82,0.0000%
930,Iron Bank,Lending,9028.88,0.0000%
931,Snowball,Yield,8999.73,0.0000%
932,Kona Lend,Lending,8923.68,0.0000%
933,BeamSwap Classic,Dexs,8888.29,0.0000%
934,Voltage StableSwap,Dexs,8867.14,0.0000%
935,Aptin Finance V2,Lending,8744.86,0.0000%
936,Crodex,Dexs,8545.90,0.0000%
937,Prime Protocol,Lending,8507.64,0.0000%
938,QuipuSwap Stableswap,Dexs,8443.95,0.0000%
939,Derivio,Derivatives,8403.14,0.0000%
940,Yapeswap,Dexs,8268.64,0.0000%
941,Lobster Protocol,Yield Aggregator,8242.90,0.0000%
942,AstroSwap AMM,Dexs,8226.63,0.0000%
943,Level,CDP,8212.08,0.0000%
944,Polywhale Finance,Yield,8112.72,0.0000%
945,MorFi,Dexs,8111.14,0.0000%
946,BSCSwap,Dexs,8091.26,0.0000%
947,SynFutures V1,Derivatives,8084.25,0.0000%
948,Gasp,Cross Chain Bridge,8024.91,0.0000%
949,Gin Finance,Dexs,8021.38,0.0000%
950,Gravis Finance,Dexs,7994.78,0.0000%
951,Mummy Finance,Derivatives,7983.88,0.0000%
952,SuiDex,Dexs,7970.91,0.0000%
953,SakeFinance,Lending,7946.35,0.0000%
954,ClaimSwap V2,Dexs,7837.59,0.0000%
955,Shoebill V1,Lending,7745.80,0.0000%
956,Croblanc,Yield,7724.60,0.0000%
957,Yellow,Dexs,7627.86,0.0000%
958,Earnium,Dexs,7583.28,0.0000%
959,Sumer.money,Lending,7564.52,0.0000%
960,QuipuSwap V3,Dexs,7527.32,0.0000%
961,Yusan,Lending,7441.72,0.0000%
962,Terraswap,Dexs,7433.23,0.0000%
963,Algofi Swap,Dexs,7389.65,0.0000%
964,Alpaca Perpetual Futures Exchange,Derivatives,7269.32,0.0000%
965,PantherSwap,Dexs,7218.43,0.0000%
966,Mimas Finance,Lending,7143.97,0.0000%
967,BurgerSwap,Dexs,7127.92,0.0000%
968,Somnex Perp,Derivatives,7092.07,0.0000%
969,Burve Protocol,Dexs,7080.51,0.0000%
970,SwapX Algebra,Dexs,7009.77,0.0000%
971,Vibrant Finance,Dexs,6992.63,0.0000%
972,Mesher,Lending,6833.80,0.0000%
973,TONCO,Dexs,6821.99,0.0000%
974,DX25,Dexs,6800.96,0.0000%
975,SwapX Xone Chain,Dexs,6795.94,0.0000%
976,Swap Country,Dexs,6780.35,0.0000%
977,Comet Swap V3,Dexs,6757.83,0.0000%
978,JulSwap,Dexs,6726.66,0.0000%
979,Sorare Bridge,Canonical Bridge,6706.12,0.0000%
980,Elk,Dexs,6685.79,0.0000%
981,OraiDEX Pool V3,Dexs,6681.63,0.0000%
982,Cone,Dexs,6627.67,0.0000%
983,SakePerp,Dexs,6579.92,0.0000%
984,IcecreamSwap V2,Dexs,6554.59,0.0000%
985,Tulipa Capital,Risk Curators,6443.26,0.0000%
986,Joule Finance,Lending,6394.05,0.0000%
987,BearnFi,Yield,6357.83,0.0000%
988,Linx App,Lending,6329.80,0.0000%
989,Coinswap Space,Dexs,6299.35,0.0000%
990,Cog,Lending,6252.49,0.0000%
991,Morpho Optimizer CompoundV2,Lending,6230.11,0.0000%
992,TrueFi,Uncollateralized Lending,6208.77,0.0000%
993,Voltage AMM,Dexs,6207.68,0.0000%
994,Muffin,Dexs,6206.78,0.0000%
995,Zebra V2,Dexs,6200.48,0.0000%
996,SYNO Finance,Lending,6179.70,0.0000%
997,OkieSwap Stableswap,Dexs,6171.42,0.0000%
998,Concentrator,Yield,6161.39,0.0000%
999,Alcor Exchange,Dexs,6065.07,0.0000%
1000,Cyberperp,Derivatives,6058.14,0.0000%
1001,Lynex V1,Dexs,6028.51,0.0000%
1002,Bounce Finance,Launchpad,5966.62,0.0000%
1003,Joe V2,Dexs,5883.08,0.0000%
1004,Bluewhale,Yield,5808.88,0.0000%
1005,ThorusFi,Dexs,5775.52,0.0000%
1006,Gardens,Governance Incentives,5762.10,0.0000%
1007,Tonic,Dexs,5760.66,0.0000%
1008,Squid Stake,Yield,5741.48,0.0000%
1009,Invariant,Dexs,5691.53,0.0000%
1010,Omnipair,Lending,5681.60,0.0000%
1011,Metastable,CDP,5651.05,0.0000%
1012,Parraton,Yield Aggregator,5616.30,0.0000%
1013,Embr Finance,Dexs,5564.67,0.0000%
1014,Goku Money,CDP,5541.81,0.0000%
1015,Big Data Protocol,Yield,5537.36,0.0000%
1016,BambooDeFi,Dexs,5534.48,0.0000%
1017,Dove Swap V3,Dexs,5531.80,0.0000%
1018,STEAMM,Dexs,5433.05,0.0000%
1019,CobaltX,Dexs,5407.78,0.0000%
1020,DotOracle,Bridge,5367.78,0.0000%
1021,Elix.fi,Dexs,5272.98,0.0000%
1022,LFGSwap EthereumPoW,Dexs,5266.44,0.0000%
1023,Dego Finance,Services,5254.77,0.0000%
1024,SquadSwap Dynamo,Dexs,5112.84,0.0000%
1025,Hyphen,Bridge,5082.15,0.0000%
1026,Newland,Yield,5072.33,0.0000%
1027,Golff Protocol,Yield,5033.65,0.0000%
1028,Gyroscope Protocol,Dexs,4980.70,0.0000%
1029,Cyber,Chain,4977.50,0.0000%
1030,Taiga Karura,Synthetics,4977.00,0.0000%
1031,LatteSwap,Dexs,4945.87,0.0000%
1032,MacaronSwap,Dexs,4937.82,0.0000%
1033,Layer2 Finance,Yield,4915.22,0.0000%
1034,eZKalibur,Dexs,4877.16,0.0000%
1035,VeryLongSwap AMM,Dexs,4800.74,0.0000%
1036,Banksy Farm,Yield,4789.08,0.0000%
1037,StormSwap,Yield,4780.77,0.0000%
1038,ShibaNova,Dexs,4680.55,0.0000%
1039,Arrakis V1,Liquidity Manager,4640.71,0.0000%
1040,Titan Aggregator,DEX Aggregator,4621.87,0.0000%
1041,Armada,Liquidity Manager,4576.98,0.0000%
1042,Korbit,CEX,4414.25,0.0000%
1043,Hinkal,Privacy,4344.23,0.0000%
1044,Nitron,CDP,4334.57,0.0000%
1045,HoustonSwap,Dexs,4302.42,0.0000%
1046,Coslend,Lending,4290.67,0.0000%
1047,SOFA.org,Options,4225.56,0.0000%
1048,Blend Finance,Lending,4183.99,0.0000%
1049,1DEX,Dexs,4132.34,0.0000%
1050,FlowX V2,Dexs,4127.45,0.0000%
1051,ShadowSwap,Dexs,4120.17,0.0000%
1052,Hummus Weighted,Yield,4080.55,0.0000%
1053,Upshift,Onchain Capital Allocator,4055.36,0.0000%
1054,Aptoswap,Dexs,4014.70,0.0000%
1055,CUBISwap,Dexs,4006.13,0.0000%
1056,Roketo,Payments,3935.40,0.0000%
1057,Voltz,Derivatives,3930.84,0.0000%
1058,GullNetwork AMM,Dexs,3883.10,0.0000%
1059,SugarSwap,Dexs,3878.10,0.0000%
1060,Tarot,Lending,3830.49,0.0000%
1061,Taco Studios,Dexs,3795.23,0.0000%
1062,Aftermath AMM,Dexs,3779.19,0.0000%
1063,Nearpad,Dexs,3728.35,0.0000%
1064,WoodSwap,Dexs,3718.05,0.0000%
1065,Scroll Swap,Dexs,3705.44,0.0000%
1066,Divvy.Bet,Prediction Market,3683.81,0.0000%
1067,Darkness,Dexs,3666.17,0.0000%
1068,Unagii,Yield,3653.84,0.0000%
1069,Kava Earn,Yield Aggregator,3585.71,0.0000%
1070,Kava Boost,Farm,3585.71,0.0000%
1071,Persistence DEX,Dexs,3504.45,0.0000%
1072,Ulysses,Bridge,3479.36,0.0000%
1073,EchoDEX V3,Dexs,3473.17,0.0000%
1074,Ritsu Protocol,Dexs,3465.58,0.0000%
1075,SpaceFi Scroll,Dexs,3454.96,0.0000%
1076,SwapMode V2,Dexs,3413.82,0.0000%
1077,Huckleberry AMM,Dexs,3391.92,0.0000%
1078,Jumbo Exchange,Dexs,3391.35,0.0000%
1079,DerpDEX,Dexs,3318.54,0.0000%
1080,Mellow Yield,Yield Aggregator,3302.57,0.0000%
1081,Macaron AMM,Dexs,3301.26,0.0000%
1082,Composable Finance,Cross Chain Bridge,3299.17,0.0000%
1083,SpicySwap,Dexs,3279.29,0.0000%
1084,Mero,Yield,3274.65,0.0000%
1085,PinkPea Finance,Yield Aggregator,3274.12,0.0000%
1086,Hedge,CDP,3264.50,0.0000%
1087,Minerva,Derivatives,3252.17,0.0000%
1088,ApertureSwap,Dexs,3243.74,0.0000%
1089,Nereus Finance,Lending,3216.49,0.0000%
1090,Vooi V1,Dexs,3199.91,0.0000%
1091,Metropolis DLMM,Dexs,3193.82,0.0000%
1092,OraiDEX,Dexs,3157.25,0.0000%
1093,Velodrome V1,Dexs,3154.71,0.0000%
1094,Jellyverse,Dexs,3105.95,0.0000%
1095,Virtus Protocol CL,Dexs,2995.49,0.0000%
1096,Merchant Moe DEX,Dexs,2969.43,0.0000%
1097,Gro,Yield,2962.31,0.0000%
1098,Blue Planet,Dexs,2953.52,0.0000%
1099,Butter.xyz,Dexs,2952.60,0.0000%
1100,Wompie,Yield,2945.56,0.0000%
1101,Shibance,Dexs,2930.89,0.0000%
1102,NxFi Protocol,Lending,2912.06,0.0000%
1103,KIM Exchange V3,Dexs,2896.23,0.0000%
1104,Renec Lend,Lending,2877.11,0.0000%
1105,Varen,Dexs,2863.44,0.0000%
1106,GOATUP,Derivatives,2856.01,0.0000%
1107,HorizonDEX,Dexs,2852.88,0.0000%
1108,Maverick V2,Dexs,2839.52,0.0000%
1109,Hercules V3,Dexs,2787.88,0.0000%
1110,OCP Finance,Lending,2762.60,0.0000%
1111,WOWswap,Dexs,2757.08,0.0000%
1112,Vector Finance,Yield,2739.22,0.0000%
1113,Sui Pearl,Yield Aggregator,2738.55,0.0000%
1114,Timeswap V2,Lending,2733.51,0.0000%
1115,TonStable,CDP,2727.28,0.0000%
1116,Velvet V3,Yield,2720.05,0.0000%
1117,DefiPlaza,Dexs,2692.55,0.0000%
1118,EmiSwap,Dexs,2690.78,0.0000%
1119,Shoebill V2,Lending,2684.87,0.0000%
1120,LuigiSwap,Dexs,2673.54,0.0000%
1121,Velocimeter V4,Dexs,2658.72,0.0000%
1122,Solidly V2,Dexs,2641.73,0.0000%
1123,MarginX DEX,Dexs,2640.17,0.0000%
1124,Pear DAO,Services,2591.99,0.0000%
1125,BooFinance,Yield,2581.89,0.0000%
1126,Juiceswap,Dexs,2541.36,0.0000%
1127,Rysk V1,Options,2509.38,0.0000%
1128,Punk.Coffee,Prediction Market,2486.03,0.0000%
1129,Polaris Finance,Dexs,2474.05,0.0000%
1130,Veax CLMM,Dexs,2469.89,0.0000%
1131,JediSwap V2,Dexs,2457.82,0.0000%
1132,PunkSwap,Dexs,2445.14,0.0000%
1133,Platypus Finance,Dexs,2435.58,0.0000%
1134,CyborgSwap,Dexs,2419.27,0.0000%
1135,AmpleSwap,Dexs,2400.63,0.0000%
1136,Yupana,Lending,2378.98,0.0000%
1137,Qubit,Lending,2378.00,0.0000%
1138,PacificSwap V3,Dexs,2375.51,0.0000%
1139,Saphyre V2,Dexs,2355.08,0.0000%
1140,JIBSWAP,Dexs,2335.71,0.0000%
1141,Koi Finance CL,Dexs,2307.89,0.0000%
1142,KoalaSwap,Dexs,2277.90,0.0000%
1143,Saphyre V3,Dexs,2259.22,0.0000%
1144,CougarSwap,Yield,2258.86,0.0000%
1145,CrossCurve,Cross Chain Bridge,2256.67,0.0000%
1146,9inch V3,Dexs,2251.48,0.0000%
1147,Goose Finance,Farm,2217.98,0.0000%
1148,Solarflare,Dexs,2177.03,0.0000%
1149,KwikSwap,Dexs,2153.72,0.0000%
1150,FireDAO,Yield,2143.49,0.0000%
1151,Renegade,Dexs,2142.70,0.0000%
1152,Meridian Lend,Lending,2126.62,0.0000%
1153,Prophet,Prediction Market,2116.47,0.0000%
1154,VinuSwap,Dexs,2088.59,0.0000%
1155,Penguin Finance,Yield,2081.60,0.0000%
1156,Raindex,Dexs,2056.50,0.0000%
1157,StableKoi,Dexs,2053.87,0.0000%
1158,Arbitrum Nova Bridge,Canonical Bridge,2038.27,0.0000%
1159,Tonpound,Lending,2013.39,0.0000%
1160,Kriya CLMM,Dexs,1987.96,0.0000%
1161,Hemi Staking,Farm,1963.96,0.0000%
1162,Rank Trading,Yield,1960.20,0.0000%
1163,Velo Finance,Dexs,1955.36,0.0000%
1164,Kinetic,Lending,1950.34,0.0000%
1165,Kernel Protocol,Liquid Restaking,1948.41,0.0000%
1166,Blueshift,Dexs,1917.69,0.0000%
1167,Spectra V1,Yield Aggregator,1909.31,0.0000%
1168,RabbitX,Derivatives,1901.90,0.0000%
1169,GoatSwap V3,Dexs,1893.91,0.0000%
1170,YieldWolf,Yield,1884.75,0.0000%
1171,Interport Finance,Cross Chain Bridge,1868.04,0.0000%
1172,PureSwap,Dexs,1862.54,0.0000%
1173,Phoenix DEX,Dexs,1846.31,0.0000%
1174,Alium Swap,Dexs,1814.15,0.0000%
1175,Single Finance,Leveraged Farming,1809.17,0.0000%
1176,Paraluni Masterchef,Yield,1805.69,0.0000%
1177,CavalRe,Dexs,1802.91,0.0000%
1178,Volta Markets,Derivatives,1792.43,0.0000%
1179,CGX Finance,Dexs,1787.34,0.0000%
1180,MochiSwap,Dexs,1773.70,0.0000%
1181,Glyph V2,Dexs,1763.06,0.0000%
1182,ZeroLend Vaults,Risk Curators,1762.56,0.0000%
1183,Zenlink AMM,Dexs,1743.57,0.0000%
1184,Starmaker,Dexs,1733.33,0.0000%
1185,Momodrome,Dexs,1726.24,0.0000%
1186,Lander,Lending,1709.58,0.0000%
1187,SupSwap V3,Dexs,1703.37,0.0000%
1188,StarSwap,Dexs,1696.98,0.0000%
1189,YetiSwap,Dexs,1688.77,0.0000%
1190,Sonex,Dexs,1686.09,0.0000%
1191,HurricaneSwap,Dexs,1683.16,0.0000%
1192,ShrikePerps,Derivatives,1671.82,0.0000%
1193,Rumpel Labs,Synthetics,1661.83,0.0000%
1194,ENZO Finance,Lending,1651.18,0.0000%
1195,FNDZ,Dexs,1645.99,0.0000%
1196,VanillaSwap V2,Dexs,1623.91,0.0000%
1197,KoffeeSwap,Dexs,1610.99,0.0000%
1198,HyperJump,Dexs,1610.71,0.0000%
1199,KaiaSwap,Dexs,1609.29,0.0000%
1200,POK Vault,Yield,1606.51,0.0000%
1201,PolkaEx,Dexs,1592.83,0.0000%
1202,Suterusu,Services,1573.78,0.0000%
1203,Cadabra Finance,Yield Aggregator,1572.54,0.0000%
1204,Blueprint,Dexs,1567.46,0.0000%
1205,MM Stableswap,Dexs,1564.87,0.0000%
1206,Metavault V3,Dexs,1561.61,0.0000%
1207,RobiniaSwap,Dexs,1546.76,0.0000%
1208,Exponent,Yield,1534.17,0.0000%
1209,Ajna V2,Lending,1519.95,0.0000%
1210,Gas404Swap,Dexs,1502.44,0.0000%
1211,Torches,Lending,1469.74,0.0000%
1212,Muuu Finance,Yield,1469.49,0.0000%
1213,ProtossDex,Dexs,1460.39,0.0000%
1214,Kromatika,Dexs,1440.99,0.0000%
1215,Beets DEX,Dexs,1430.57,0.0000%
1216,Native Swap,Dexs,1423.57,0.0000%
1217,Tokan Exchange,Dexs,1421.12,0.0000%
1218,Bonkswap,Dexs,1421.12,0.0000%
1219,Bagels Finance,Yield,1414.83,0.0000%
1220,Megalon,Dexs,1411.81,0.0000%
1221,Flair Dex,Dexs,1401.71,0.0000%
1222,Symmetry,Indexes,1391.47,0.0000%
1223,Free Protocol,Bridge,1380.39,0.0000%
1224,BlackBird Finance,Yield,1377.27,0.0000%
1225,Pharaoh CL,Dexs,1363.92,0.0000%
1226,Defirex,Yield,1359.53,0.0000%
1227,Spin Spot,Dexs,1355.48,0.0000%
1228,UFarm Digital,Onchain Capital Allocator,1348.10,0.0000%
1229,Thoreum Finance,Yield,1346.17,0.0000%
1230,Bored Candy City,Dexs,1339.19,0.0000%
1231,Diamondswap,Dexs,1324.42,0.0000%
1232,Superman Swap,Yield Aggregator,1304.32,0.0000%
1233,Kivach,Payments,1295.21,0.0000%
1234,Buffaloswap,Yield,1295.05,0.0000%
1235,Kimochi,Services,1285.12,0.0000%
1236,Trava Finance,Lending,1281.44,0.0000%
1237,Xmarket,Prediction Market,1281.04,0.0000%
1238,Aloe,Lending,1276.02,0.0000%
1239,CHFRY Finance,Lending,1259.85,0.0000%
1240,SoliDex Finance V3,Dexs,1259.19,0.0000%
1241,Thetis Perps,Derivatives,1258.47,0.0000%
1242,Honeyswap,Dexs,1255.12,0.0000%
1243,Silo V1,Lending,1253.20,0.0000%
1244,SWAPP,Dexs,1220.68,0.0000%
1245,Narwhalswap,Dexs,1201.76,0.0000%
1246,Plenty,Dexs,1197.27,0.0000%
1247,BoringDAO,Cross Chain Bridge,1193.34,0.0000%
1248,Clovis,Yield Aggregator,1184.92,0.0000%
1249,Bitvavo,CEX,1171.64,0.0000%
1250,Diamond Protocol V2,Liquidity Manager,1160.10,0.0000%
1251,Tashi,Lending,1156.82,0.0000%
1252,Parallax,Yield Aggregator,1152.32,0.0000%
1253,BaySwap,Dexs,1142.72,0.0000%
1254,Lista CDP,CDP,1131.27,0.0000%
1255,Glacier Exchange V3,Dexs,1119.22,0.0000%
1256,Syrup Finance,Derivatives,1116.60,0.0000%
1257,Ruby.Exchange Stable,Dexs,1115.74,0.0000%
1258,Taraswap,Dexs,1102.86,0.0000%
1259,SwapperChan,Dexs,1085.79,0.0000%
1260,GoblinGold,Yield,1072.80,0.0000%
1261,Zivoe,RWA,1066.19,0.0000%
1262,FunBeast,Dexs,1064.75,0.0000%
1263,Swap.io CLMM,Dexs,1062.42,0.0000%
1264,LFGSwap XLayer,Dexs,1054.44,0.0000%
1265,Arkis,Leveraged Farming,1050.86,0.0000%
1266,Cyber Dog,Yield,1040.51,0.0000%
1267,Kinetix AMM V3,Dexs,1031.30,0.0000%
1268,Orbit,Liquidity Automation,1026.89,0.0000%
1269,Tonnel Network,Privacy,1024.50,0.0000%
1270,Drachma,Dexs,1020.65,0.0000%
1271,Yaka V2,Dexs,1019.66,0.0000%
1272,Envelop,NftFi,1015.73,0.0000%
1273,TangleSwap,Dexs,1012.65,0.0000%
1274,Lendao,Lending,1004.84,0.0000%
1275,Avalon USDaLend,Lending,1003.48,0.0000%
1276,Garble.Money,Privacy,1002.85,0.0000%
1277,Leech Protocol,Yield Aggregator,1001.19,0.0000%
1278,Charm Finance V2,Liquidity Manager,999.84,0.0000%
1279,Huckleberry Lending,Lending,999.25,0.0000%
1280,Wombex Finance,Yield,998.98,0.0000%
1281,OrbitalSwap,Dexs,996.17,0.0000%
1282,Jet Margin,Lending,991.61,0.0000%
1283,Interlay Dex,Dexs,985.02,0.0000%
1284,HeLa Bridge,Bridge,979.35,0.0000%
1285,ManXSwap,Dexs,976.64,0.0000%
1286,Voltage V3,Dexs,961.13,0.0000%
1287,Saros AMM,Dexs,956.60,0.0000%
1288,PinkSwap,Dexs,949.52,0.0000%
1289,Goblins AMM,Dexs,943.10,0.0000%
1290,TezFin,Lending,939.64,0.0000%
1291,Mozaic,Yield,936.33,0.0000%
1292,ZKBase,Dexs,928.82,0.0000%
1293,Rhombus Protocol,Lending,914.26,0.0000%
1294,Swapline V1,Dexs,913.63,0.0000%
1295,Swapsicle V2,Dexs,911.64,0.0000%
1296,UNO farm,Yield Aggregator,902.75,0.0000%
1297,Crystl Finance,Yield,900.08,0.0000%
1298,Calculus,AI Agents,895.99,0.0000%
1299,Obsidian,DEX Aggregator,889.68,0.0000%
1300,Scribe V4,Dexs,881.69,0.0000%
1301,Echo Lending,Lending,875.57,0.0000%
1302,EvmoSwap,Dexs,849.56,0.0000%
1303,Pandora,Dexs,846.40,0.0000%
1304,Enosys AMM V3,Dexs,843.52,0.0000%
1305,Cykura,Dexs,842.20,0.0000%
1306,Corex Markets,Derivatives,833.72,0.0000%
1307,DefiTuna Liquidity,Liquidity Manager,833.33,0.0000%
1308,Archon Bridge,Bridge,831.09,0.0000%
1309,HyperWave,Yield,825.31,0.0000%
1310,Fibonacci Dex,Dexs,816.15,0.0000%
1311,Sculptor Finance,Lending,806.19,0.0000%
1312,DolphinSwap,Dexs,803.09,0.0000%
1313,Symblox,Synthetics,800.55,0.0000%
1314,Enjoyoors,CDP,790.94,0.0000%
1315,firefly,Dexs,788.76,0.0000%
1316,Astar Exchange V2,Dexs,784.65,0.0000%
1317,Salem Finance,Yield,770.34,0.0000%
1318,Bumpin Trade,Derivatives,767.99,0.0000%
1319,Standard Protocol Shiden,Dexs,761.25,0.0000%
1320,Bella Protocol,Yield,760.37,0.0000%
1321,Swift Finance,Yield,752.79,0.0000%
1322,MethLab,Lending,750.84,0.0000%
1323,Zircuit Staking,Farm,745.53,0.0000%
1324,Swipe,Dexs,742.30,0.0000%
1325,Fufuture V2,Options,742.08,0.0000%
1326,Canto Dex,Dexs,739.98,0.0000%
1327,CREAM Lending,Lending,731.11,0.0000%
1328,MYSO V2,Lending,730.80,0.0000%
1329,Satori Perp,Derivatives,730.62,0.0000%
1330,Channels Finance,Lending,729.56,0.0000%
1331,DDDX,Dexs,728.56,0.0000%
1332,ChickenSwap,Dexs,728.39,0.0000%
1333,PoWSwap,Dexs,726.23,0.0000%
1334,AquaLoan,Lending,725.47,0.0000%
1335,VII Finance,Leveraged Farming,712.56,0.0000%
1336,Gudchain,Farm,709.10,0.0000%
1337,Bitbond Sales,Launchpad,702.91,0.0000%
1338,KACO Finance,Dexs,697.31,0.0000%
1339,Stableswap DEX,Dexs,694.26,0.0000%
1340,CafeSwap,Dexs,691.45,0.0000%
1341,Sphynx,Dexs,688.37,0.0000%
1342,Singular Farm,Yield,672.75,0.0000%
1343,veSync,Dexs,668.58,0.0000%
1344,Aurelius,CDP,667.78,0.0000%
1345,VivaLeva Protocol,Leveraged Farming,664.52,0.0000%
1346,Spectrum Protocol,Yield,663.51,0.0000%
1347,Secta Finance V3,Dexs,661.76,0.0000%
1348,Zebra V1,Dexs,658.50,0.0000%
1349,Arctic,Dexs,649.62,0.0000%
1350,Kona V2,Dexs,644.46,0.0000%
1351,El Dorado Exchange,Derivatives,638.34,0.0000%
1352,COREx Network,Dexs,634.71,0.0000%
1353,Bucket Farm,Farm,632.60,0.0000%
1354,Teahouse Permissionless,Liquidity Manager,631.28,0.0000%
1355,Balmy,DCA Tools,630.36,0.0000%
1356,Level Perps,Derivatives,629.61,0.0000%
1357,Tulip Protocol,Yield,624.00,0.0000%
1358,Velar Perps,Derivatives,622.59,0.0000%
1359,JetSwap,Dexs,616.04,0.0000%
1360,Alchemix V2,Synthetics,614.21,0.0000%
1361,Nuri CL,Dexs,613.30,0.0000%
1362,Cleopatra CL,Dexs,605.91,0.0000%
1363,Defx,Derivatives,603.19,0.0000%
1364,Sky Lending,CDP,589.61,0.0000%
1365,OpenBook,Dexs,587.53,0.0000%
1366,Fringe V2,Lending,586.15,0.0000%
1367,Everdex,Dexs,583.45,0.0000%
1368,Diffusion Finance,Dexs,582.72,0.0000%
1369,Neutral Trade,Onchain Capital Allocator,578.37,0.0000%
1370,Silo V2,Lending,570.29,0.0000%
1371,Rivera Money,Liquidity Manager,559.41,0.0000%
1372,SpookySwap V3,Dexs,559.11,0.0000%
1373,Hubra,Yield,547.49,0.0000%
1374,PredX Ai,Prediction Market,546.85,0.0000%
1375,Aelin,Charity Fundraising,545.49,0.0000%
1376,Moraswap V2,Dexs,543.82,0.0000%
1377,STON.fi,Dexs,541.04,0.0000%
1378,ArthSwap V3,Dexs,540.68,0.0000%
1379,Olive Cash,Yield,539.42,0.0000%
1380,VultureSwap,Dexs,538.00,0.0000%
1381,DyorSwap AMM,Dexs,532.96,0.0000%
1382,AnimeSwap,Dexs,530.93,0.0000%
1383,Ammos Finance,Dexs,529.83,0.0000%
1384,Lumen Money,Lending,517.58,0.0000%
1385,Glacier Exchange V2,Dexs,511.24,0.0000%
1386,TYMIO,Options,510.28,0.0000%
1387,IguanaDEX V3,Dexs,509.26,0.0000%
1388,Holdr,Dexs,505.14,0.0000%
1389,Robo-Vault,Yield,504.82,0.0000%
1390,Moraswap V3,Dexs,504.58,0.0000%
1391,NEOPIN Pool,Dexs,504.15,0.0000%
1392,GoPlus Locker V2,Token Locker,501.10,0.0000%
1393,CGO Finance,Yield Aggregator,492.81,0.0000%
1394,Perpstreet,Derivatives,488.98,0.0000%
1395,Ajira Pay Finance V2,Payments,485.87,0.0000%
1396,StationDEX V3,Dexs,483.50,0.0000%
1397,K-BIT,Derivatives,479.85,0.0000%
1398,JewelSwap Leveraged Farming,Leveraged Farming,477.11,0.0000%
1399,Snuggle,Liquidity Manager,472.10,0.0000%
1400,GroveX,CEX,463.41,0.0000%
1401,Elektrik,Dexs,461.75,0.0000%
1402,Latoken,CEX,450.42,0.0000%
1403,SpaceDex,Derivatives,448.90,0.0000%
1404,OpenDAO,Algo-Stables,447.95,0.0000%
1405,LemonSwap,Yield,442.10,0.0000%
1406,MantleSwap,Dexs,440.34,0.0000%
1407,Pit Finance,Yield Aggregator,438.05,0.0000%
1408,Cypher V2,Dexs,426.36,0.0000%
1409,Ooki,Lending,425.57,0.0000%
1410,SIR,Derivatives,424.01,0.0000%
1411,Circuit Protocol,Yield Aggregator,423.38,0.0000%
1412,Hats.V1,Bug Bounty,421.70,0.0000%
1413,Elyx Finance,Indexes,418.51,0.0000%
1414,Dradex,Dexs,417.23,0.0000%
1415,Auto Core,Yield Aggregator,413.88,0.0000%
1416,Axial,Dexs,413.24,0.0000%
1417,Galador,Dexs,411.87,0.0000%
1418,Vicuna Lending,Lending,410.73,0.0000%
1419,FusionX V2,Dexs,403.80,0.0000%
1420,Ethervista,Dexs,402.38,0.0000%
1421,GPLX,Derivatives,399.96,0.0000%
1422,Spoon Exchange,Dexs,398.39,0.0000%
1423,Nexion Lending,Lending,397.69,0.0000%
1424,LiquiX,Liquidity Manager,397.58,0.0000%
1425,Crafting Finance,Synthetics,396.47,0.0000%
1426,Bitparty,Farm,389.71,0.0000%
1427,AUX Exchange,Dexs,381.50,0.0000%
1428,ParaSpace Lending V1,Lending,378.96,0.0000%
1429,Pythagorean,Dexs,376.90,0.0000%
1430,Complus Network,Dexs,376.06,0.0000%
1431,Narwhal Finance,Derivatives,373.51,0.0000%
1432,NewDex,Dexs,370.74,0.0000%
1433,YieldCore,Yield,364.27,0.0000%
1434,AstridDAO,CDP,363.78,0.0000%
1435,Sonus Exchange AMM,Dexs,360.00,0.0000%
1436,Maia CL,Dexs,359.62,0.0000%
1437,Alvara,Yield Aggregator,359.57,0.0000%
1438,Adamant Finance,Yield,357.59,0.0000%
1439,Kapinus,Dexs,354.87,0.0000%
1440,Solunea,Dexs,354.84,0.0000%
1441,Dunes,Liquid Restaking,352.39,0.0000%
1442,KokomoSwap,Dexs,351.49,0.0000%
1443,PadSwap,Dexs,344.85,0.0000%
1444,TropicalSwap,Dexs,344.21,0.0000%
1445,MarshmallowDeFi,Yield,343.83,0.0000%
1446,JIBLEND,Lending,339.68,0.0000%
1447,LeonicornSwap,Dexs,334.43,0.0000%
1448,Agora,Lending,331.77,0.0000%
1449,SandySwap,Dexs,328.84,0.0000%
1450,Hercules V2,Dexs,327.55,0.0000%
1451,PanKUKU,Dexs,327.23,0.0000%
1452,Velocimeter V2,Dexs,324.49,0.0000%
1453,UniVoucher,Payments,323.05,0.0000%
1454,SoneFi AMM,Dexs,316.76,0.0000%
1455,Athena Finance,Yield,312.06,0.0000%
1456,FIN,Dexs,310.49,0.0000%
1457,zkSwap V3,Dexs,308.67,0.0000%
1458,BencuFi,Lending,304.31,0.0000%
1459,DackieSwap V3,Dexs,298.22,0.0000%
1460,Kinesis Labs,Dexs,297.66,0.0000%
1461,FluxBeam,Dexs,296.95,0.0000%
1462,U235,Lending,296.94,0.0000%
1463,Avault,Yield Aggregator,296.88,0.0000%
1464,Bitflow,Dexs,291.32,0.0000%
1465,LendLord,Lending,285.09,0.0000%
1466,Rooster Protocol V2,Dexs,283.78,0.0000%
1467,SakuraSwap AMM,Dexs,281.66,0.0000%
1468,SquadSwap V3,Dexs,279.08,0.0000%
1469,ShibaSwap V2,Dexs,276.34,0.0000%
1470,KlaySwap V3,Dexs,275.12,0.0000%
1471,Coinhain,Dexs,274.63,0.0000%
1472,Yoshi Exchange,Dexs,272.01,0.0000%
1473,Arcadia V1,Leveraged Farming,269.44,0.0000%
1474,Hako,Yield,268.96,0.0000%
1475,Beta Finance V2,Lending,268.27,0.0000%
1476,PartySwap,Dexs,267.63,0.0000%
1477,PrimeFi,Lending,266.89,0.0000%
1478,dAMM Finance,Uncollateralized Lending,266.84,0.0000%
1479,Panko Finance,Dexs,265.80,0.0000%
1480,Iotabee,Dexs,261.68,0.0000%
1481,REYIELD Finance,Liquidity Manager,261.55,0.0000%
1482,Symmetric,Dexs,258.53,0.0000%
1483,Outcome Finance,Synthetics,255.95,0.0000%
1484,Baguette,Dexs,255.82,0.0000%
1485,Connext,Bridge,252.35,0.0000%
1486,Bank of Chain,Yield Aggregator,244.75,0.0000%
1487,Sobal,Dexs,243.15,0.0000%
1488,Yumiswap,Dexs,242.25,0.0000%
1489,SwapMode V3,Dexs,240.92,0.0000%
1490,Sushi Aptos,Dexs,233.18,0.0000%
1491,Quadrat,Liquidity Manager,229.98,0.0000%
1492,Farm Hero,Gaming,229.73,0.0000%
1493,CairoFi,Dexs,225.04,0.0000%
1494,MetalSwap,Derivatives,223.42,0.0000%
1495,Unicly,Dexs,222.79,0.0000%
1496,IFSwap,Dexs,221.22,0.0000%
1497,zk-Swap,Dexs,219.78,0.0000%
1498,SoliSnek Finance,Dexs,217.66,0.0000%
1499,Archly V2,Dexs,216.91,0.0000%
1500,MantaDEX,Dexs,215.39,0.0000%
1501,Sega Swap,Dexs,214.77,0.0000%
1502,ApeBond Staking,Farm,214.13,0.0000%
1503,KibbleSwap,Dexs,212.07,0.0000%
1504,MARSWAP,Dexs,211.18,0.0000%
1505,PowerSwap,Dexs,209.79,0.0000%
1506,Frost Finance,Yield,208.46,0.0000%
1507,Xray Swap,Yield,204.60,0.0000%
1508,VaultCraft,Yield,203.05,0.0000%
1509,VeryLongSwap Farm,Farm,202.65,0.0000%
1510,Hunny Finance,Yield,199.85,0.0000%
1511,YokaiSwap,Dexs,199.00,0.0000%
1512,Secta Finance V2,Dexs,194.58,0.0000%
1513,AGS Finance,Dexs,193.64,0.0000%
1514,AnchorSwap,Dexs,192.62,0.0000%
1515,Deridex,Derivatives,187.53,0.0000%
1516,SparkDEX V3,Dexs,185.51,0.0000%
1517,A51 Finance V2,Liquidity Manager,184.08,0.0000%
1518,Metavisor,Liquidity Manager,181.26,0.0000%
1519,Mint Club V2,Launchpad,180.02,0.0000%
1520,HyperInDex,Dexs,178.46,0.0000%
1521,MonoX,Dexs,178.32,0.0000%
1522,Ton4You,Options,177.29,0.0000%
1523,Crust V1,Dexs,169.44,0.0000%
1524,Strater,Yield,169.42,0.0000%
1525,Starfish Finance,Dexs,169.06,0.0000%
1526,V12,Dexs,168.95,0.0000%
1527,SaitaSwap,Dexs,167.94,0.0000%
1528,Cronus Finance,Dexs,167.63,0.0000%
1529,CryptoSwap,Dexs,163.12,0.0000%
1530,Carrot Liquidity,Yield Aggregator,162.62,0.0000%
1531,Starksport,Dexs,162.40,0.0000%
1532,Jigsaw,CDP,162.29,0.0000%
1533,Grace,Lending,160.75,0.0000%
1534,CVI Finance,Synthetics,156.41,0.0000%
1535,ZenDEX,CDP,154.39,0.0000%
1536,Symphony Finance,Dexs,154.38,0.0000%
1537,Cronofi Finance,Yield,153.35,0.0000%
1538,SynStation,Prediction Market,152.71,0.0000%
1539,Bountive,Yield,152.51,0.0000%
1540,Genesis Finance,Dexs,151.95,0.0000%
1541,L2X.pro,Dexs,151.89,0.0000%
1542,BAO Swap,Dexs,151.83,0.0000%
1543,Takara Lend,Lending,151.16,0.0000%
1544,Spice,Dexs,149.53,0.0000%
1545,Wavelength DAO,Dexs,148.48,0.0000%
1546,HakuSwap,Dexs,147.76,0.0000%
1547,GullNetwork Service,Farm,146.07,0.0000%
1548,lendOS,Lending,144.69,0.0000%
1549,Velocore V2,Dexs,141.18,0.0000%
1550,Silent Protocol,Privacy,140.03,0.0000%
1551,Cropper AMM,Dexs,138.69,0.0000%
1552,HopSwap,Dexs,138.24,0.0000%
1553,SunFlower Finance,Dexs,138.18,0.0000%
1554,HiveSwap Pro,Liquidity Manager,136.86,0.0000%
1555,SpartaDex,Dexs,136.23,0.0000%
1556,Brotocol,Bridge Aggregator,135.77,0.0000%
1557,Sailor,Dexs,135.21,0.0000%
1558,Trustin Finance,Lending,134.77,0.0000%
1559,Rigoblock,Onchain Capital Allocator,133.29,0.0000%
1560,SwapFish,Dexs,131.35,0.0000%
1561,Sense,Yield,130.46,0.0000%
1562,LemonX,Derivatives,127.19,0.0000%
1563,Eris Protocol,Liquid Staking,126.79,0.0000%
1564,Bunicorn,Dexs,125.37,0.0000%
1565,MintSwap,Farm,123.79,0.0000%
1566,Kim Vaults,Yield,123.73,0.0000%
1567,Baryon Network,Dexs,122.72,0.0000%
1568,Loanshark Core,Lending,122.63,0.0000%
1569,Mercurity,Dexs,121.78,0.0000%
1570,OpenEX,Dexs,121.15,0.0000%
1571,SafeSwap,Dexs,120.84,0.0000%
1572,Monocerus,Dexs,120.83,0.0000%
1573,AirDAO Bridge,Bridge,119.31,0.0000%
1574,Satori Spots,Dexs,117.98,0.0000%
1575,Keller Finance V3,Dexs,116.47,0.0000%
1576,UniFi,Dexs,114.23,0.0000%
1577,BaseSwap V2,Dexs,113.42,0.0000%
1578,Litx,Dexs,112.64,0.0000%
1579,Kokonut Swap,Dexs,111.07,0.0000%
1580,Forge,Dexs,110.91,0.0000%
1581,BorB,Derivatives,110.71,0.0000%
1582,OortSwap,Dexs,110.03,0.0000%
1583,ClaySwap,Farm,109.83,0.0000%
1584,POISON FINANCE,Synthetics,107.98,0.0000%
1585,Sail.Money,Yield,105.01,0.0000%
1586,JaceSwap,Dexs,104.86,0.0000%
1587,BenSwap,Dexs,104.31,0.0000%
1588,Ancora Finance,Dexs,101.80,0.0000%
1589,Foodcourt,Dexs,101.61,0.0000%
1590,Zyberswap V3,Dexs,100.69,0.0000%
1591,Bodh Finance,Lending,100.10,0.0000%
1592,Eden Finance,Lending,100.01,0.0000%
1593,Legacy Canary Protocol,Yield Aggregator,98.82,0.0000%
1594,Nord Finance,Yield Aggregator,95.77,0.0000%
1595,One Dex,Dexs,92.06,0.0000%
1596,SMBSwap V2,Dexs,90.92,0.0000%
1597,Superfluid,Payments,90.22,0.0000%
1598,YYEX,Derivatives,89.86,0.0000%
1599,Solar Dex,Dexs,89.31,0.0000%
1600,Papyrus Swap,Dexs,88.32,0.0000%
1601,1Beam,Dexs,88.28,0.0000%
1602,EmpireDEX,Dexs,88.21,0.0000%
1603,CorgiSwap,Dexs,86.60,0.0000%
1604,Meridian Swap,Dexs,86.16,0.0000%
1605,Lixir Finance,Liquidity Manager,85.00,0.0000%
1606,Spin DOV,Options Vault,84.31,0.0000%
1607,WhaleSwap,Dexs,82.26,0.0000%
1608,Bagel Finance V2,Indexes,81.82,0.0000%
1609,KronosDAO,Reserve Currency,80.94,0.0000%
1610,Aptin Finance V1,Lending,80.90,0.0000%
1611,ClaimSwap V1,Dexs,79.64,0.0000%
1612,Rari Capital,Yield Aggregator,78.00,0.0000%
1613,Argo,CDP,76.96,0.0000%
1614,Archly V1,Dexs,74.08,0.0000%
1615,Zeus Finance,Yield,72.40,0.0000%
1616,LendeXe Finance,Lending,72.01,0.0000%
1617,XTrade,Dexs,71.33,0.0000%
1618,Beluga Protocol,Dexs,71.33,0.0000%
1619,Peridot,Lending,70.88,0.0000%
1620,The Grand Banks,Yield,70.64,0.0000%
1621,LFGSwap Core,Dexs,69.94,0.0000%
1622,TrustSwap,Token Locker,69.21,0.0000%
1623,SquadSwap V2,Dexs,68.90,0.0000%
1624,SparkDEX V2,Dexs,67.01,0.0000%
1625,Gondola Finance,Dexs,66.26,0.0000%
1626,Mondrian Swap,Dexs,65.62,0.0000%
1627,Orion Liquidity Nodes,Dexs,65.60,0.0000%
1628,Dorian,Lending,64.75,0.0000%
1629,Astar Exchange V3,Dexs,64.69,0.0000%
1630,Spartan,Dexs,63.99,0.0000%
1631,Zinax DAO,Farm,63.88,0.0000%
1632,YieldFields,Dexs,63.63,0.0000%
1633,The Seed Farm,Yield,63.45,0.0000%
1634,Auro Finance,CDP,61.61,0.0000%
1635,Kinetix AMM V2,Dexs,59.83,0.0000%
1636,Alterscope,Risk Curators,59.09,0.0000%
1637,BlueMove DEX,Dexs,58.83,0.0000%
1638,VMEX Finance,Lending,58.69,0.0000%
1639,KryptoDex,Dexs,58.66,0.0000%
1640,Viridian Exchange,Dexs,58.36,0.0000%
1641,Ebisus Bay,Dexs,57.37,0.0000%
1642,Emerald Swap,Yield,57.04,0.0000%
1643,SteakHut Liquidity,Liquidity Manager,56.97,0.0000%
1644,SpaceFi Evmos,Dexs,56.14,0.0000%
1645,casinocronos,Dexs,55.10,0.0000%
1646,Primex Finance,Derivatives,54.80,0.0000%
1647,LowcostSwap,Yield,54.21,0.0000%
1648,DegenPrime,Leveraged Farming,53.27,0.0000%
1649,MagicFox Swap,Dexs,53.12,0.0000%
1650,QuipuSwap V1,Dexs,52.86,0.0000%
1651,Iguana Stableswap,Dexs,52.19,0.0000%
1652,Biokript,Dexs,52.13,0.0000%
1653,Atlendis V2,RWA Lending,52.00,0.0000%
1654,FCON DEX,Dexs,51.85,0.0000%
1655,LoopFi,Yield Aggregator,51.13,0.0000%
1656,Lynx,Derivatives,50.72,0.0000%
1657,AGDEX,Derivatives,50.46,0.0000%
1658,Goledo,Lending,50.00,0.0000%
1659,Opium,Options,49.99,0.0000%
1660,MetaCrono,Yield Aggregator,49.96,0.0000%
1661,Poolz Network,Farm,49.92,0.0000%
1662,Stablz,Yield,49.59,0.0000%
1663,ChampagneSwap,Dexs,48.94,0.0000%
1664,QuantoSwap,Dexs,48.64,0.0000%
1665,KIM Exchange V1,Dexs,47.76,0.0000%
1666,Belief Market,Prediction Market,47.66,0.0000%
1667,Maduck Club,Farm,47.25,0.0000%
1668,Monolith,Yield Aggregator,47.18,0.0000%
1669,Dino.Exchange,Dexs,46.80,0.0000%
1670,Nile Legacy,Dexs,46.48,0.0000%
1671,Kayak V2,Dexs,46.21,0.0000%
1672,BrightSide,Dexs,44.66,0.0000%
1673,YLDR,Lending,41.13,0.0000%
1674,SupSwap V2,Dexs,40.92,0.0000%
1675,Abstract,Chain,40.83,0.0000%
1676,Venuswap,Dexs,40.51,0.0000%
1677,Securo Finance,Indexes,40.00,0.0000%
1678,Pangea Swap,Dexs,39.54,0.0000%
1679,opBANANA,Dexs,39.14,0.0000%
1680,Swapr V2,Dexs,38.78,0.0000%
1681,VaporDex V2,Dexs,38.70,0.0000%
1682,printyfinance,Dexs,38.34,0.0000%
1683,Metropolis DLMM Vaults,Liquidity Manager,37.85,0.0000%
1684,Z Protocol DEX,Dexs,37.75,0.0000%
1685,Apostro,Risk Curators,37.10,0.0000%
1686,Levana Perps,Derivatives,36.93,0.0000%
1687,Mobius Exchange,Dexs,36.91,0.0000%
1688,MoneyFi,Yield Aggregator,35.77,0.0000%
1689,Sanctuary,Dexs,35.48,0.0000%
1690,Binary Swap,Dexs,34.86,0.0000%
1691,RollX,Derivatives,34.68,0.0000%
1692,MSwap,Dexs,34.59,0.0000%
1693,Aura,Yield,34.56,0.0000%
1694,Alligator,Dexs,33.92,0.0000%
1695,MoveFlow,Payments,33.64,0.0000%
1696,Forteswap,Dexs,33.13,0.0000%
1697,BabyDoge Algebra,Dexs,33.09,0.0000%
1698,ZKcandy Bridge,Canonical Bridge,32.99,0.0000%
1699,BaptSwap V2.1,Dexs,32.95,0.0000%
1700,Cycle Finance,Yield Aggregator,32.70,0.0000%
1701,CashCow Protocol,Yield,31.72,0.0000%
1702,Chiliswap,Dexs,31.22,0.0000%
1703,Cetus DLMM,Dexs,31.15,0.0000%
1704,Tempest Finance,Liquidity Manager,30.77,0.0000%
1705,Kodo Exchange,Dexs,30.67,0.0000%
1706,Eternal Finance,Yield,30.36,0.0000%
1707,CLAMM,Dexs,30.12,0.0000%
1708,BorgSwap,Yield,30.01,0.0000%
1709,Chapool,Physical TCG,29.93,0.0000%
1710,CakeWSwap,Dexs,29.11,0.0000%
1711,ZipSwap,Dexs,28.62,0.0000%
1712,SWFT,Bridge,28.57,0.0000%
1713,Hedgey,Payments,28.32,0.0000%
1714,BounceBit Ethena,Yield,28.06,0.0000%
1715,AllInXSwap,Dexs,27.86,0.0000%
1716,Solana Farm,Dexs,27.82,0.0000%
1717,LineHub V3,Dexs,27.62,0.0000%
1718,9mm V2,Dexs,27.54,0.0000%
1719,Amaterasu Finance,Dexs,27.37,0.0000%
1720,3A DAO,CDP,26.88,0.0000%
1721,StationDEX V2,Dexs,26.60,0.0000%
1722,RelayChain,Bridge,26.12,0.0000%
1723,Macaron StableSwap,Dexs,25.97,0.0000%
1724,PRODUS,Dexs,25.71,0.0000%
1725,Arrakis V2,Liquidity Manager,25.50,0.0000%
1726,Omega,Leveraged Farming,25.35,0.0000%
1727,Keller Finance V2,Dexs,25.33,0.0000%
1728,Kawa Finance,Lending,25.10,0.0000%
1729,ShibShift,Dexs,24.83,0.0000%
1730,BitZap,Dexs,24.31,0.0000%
1731,RubyDex,Derivatives,24.14,0.0000%
1732,Xei Finance,Dexs,23.97,0.0000%
1733,iLend V1,Lending,23.58,0.0000%
1734,1Swap,Dexs,22.59,0.0000%
1735,Sablier Flow,Payments,22.53,0.0000%
1736,Standard Protocol Mode,Dexs,22.47,0.0000%
1737,Phenix DEX,Dexs,22.17,0.0000%
1738,Starbank,Dexs,21.80,0.0000%
1739,MapleDeFi,Yield,21.76,0.0000%
1740,A51 Finance V3,Liquidity Manager,21.63,0.0000%
1741,Revert Compoundor,Liquidity Automation,21.20,0.0000%
1742,Crust V2,Dexs,21.15,0.0000%
1743,AirPuff,Leveraged Farming,21.11,0.0000%
1744,Oni Exchange,Dexs,20.89,0.0000%
1745,Panda Chef,Farm,20.81,0.0000%
1746,ApeRocket,Yield,20.69,0.0000%
1747,Lovely Swap,Dexs,20.14,0.0000%
1748,PyreSwap,Dexs,19.92,0.0000%
1749,Dfyn Network,Dexs,19.74,0.0000%
1750,NewSpace Finance,Farm,19.59,0.0000%
1751,OakFarm,Yield,19.59,0.0000%
1752,Salty.IO,Dexs,19.51,0.0000%
1753,Metavault AMM V2,Dexs,18.95,0.0000%
1754,AImstrong,Lending,18.84,0.0000%
1755,Stable Swap V2,Dexs,18.68,0.0000%
1756,Stratum Exchange,Dexs,18.54,0.0000%
1757,Sharelock,Dexs,18.52,0.0000%
1758,Antex,Launchpad,18.47,0.0000%
1759,ChainPort,Bridge,18.00,0.0000%
1760,TsunamiX,Derivatives,17.70,0.0000%
1761,VanillaSwap V3,Dexs,17.49,0.0000%
1762,SuperSwap V3,Dexs,17.47,0.0000%
1763,AtoDEX,Dexs,16.83,0.0000%
1764,VaporDex V1,Dexs,16.80,0.0000%
1765,Mooncake Finance,Lending,16.73,0.0000%
1766,DeFiner,Lending,16.67,0.0000%
1767,dexVAULTS,Yield,16.56,0.0000%
1768,LazyOtter Finance,Yield Aggregator,16.03,0.0000%
1769,Kogefarm,Yield,15.98,0.0000%
1770,Tealswap V3,Dexs,15.86,0.0000%
1771,FilDA,Lending,15.59,0.0000%
1772,SmolSwap,Dexs,15.36,0.0000%
1773,CobraSwap,Dexs,14.92,0.0000%
1774,Gomble Games,Farm,14.65,0.0000%
1775,BaptSwap V1,Dexs,14.42,0.0000%
1776,VAX,Dexs,13.97,0.0000%
1777,Ginseng Swap,Dexs,13.84,0.0000%
1778,EazySwap,Dexs,13.74,0.0000%
1779,AvaViking,Yield,13.48,0.0000%
1780,Obric,Dexs,13.43,0.0000%
1781,Nuri Legacy,Dexs,12.98,0.0000%
1782,MegaETH Bridge,Canonical Bridge,12.94,0.0000%
1783,Revert V3 Staker,Liquidity Manager,12.91,0.0000%
1784,IncaSwap,Dexs,12.60,0.0000%
1785,TanukiX,Dexs,12.60,0.0000%
1786,Metropolis AMM,Dexs,12.54,0.0000%
1787,LuckyChip,Luck Games,12.53,0.0000%
1788,SecondSwap,OTC Marketplace,12.50,0.0000%
1789,FlatCoin DEX,Farm,12.50,0.0000%
1790,BeamSwap Stable AMM,Dexs,12.36,0.0000%
1791,OpenDelta Perpetual Bond,Basis Trading,12.30,0.0000%
1792,Extra Finance Leverage Farming,Leveraged Farming,12.01,0.0000%
1793,NEBY DEX,Dexs,11.82,0.0000%
1794,ENNI,CDP,11.75,0.0000%
1795,Omni Exchange V3,Dexs,11.71,0.0000%
1796,Iron Finance,CDP,11.67,0.0000%
1797,ModeSwap,Dexs,11.45,0.0000%
1798,MyTrade,Dexs,11.39,0.0000%
1799,CroSwap,Dexs,11.37,0.0000%
1800,Sentre,Dexs,11.36,0.0000%
1801,Chee Finance,Lending,11.26,0.0000%
1802,Clearstar,Risk Curators,11.19,0.0000%
1803,A-DEX,Dexs,11.04,0.0000%
1804,Solv Basis Trading,Basis Trading,11.00,0.0000%
1805,Coffer City,Services,10.97,0.0000%
1806,Royco V1,Yield,10.92,0.0000%
1807,Double Club,Yield Aggregator,10.88,0.0000%
1808,Ketchup Finance,Yield,10.87,0.0000%
1809,Corn Kernels,Farm,10.86,0.0000%
1810,Sonus Exchange CLMM,Dexs,10.72,0.0000%
1811,ABcDeFX,Dexs,10.35,0.0000%
1812,SparkDEX V4,Dexs,10.31,0.0000%
1813,LuxsFi,Yield Aggregator,10.28,0.0000%
1814,Nucleus,Yield Aggregator,10.21,0.0000%
1815,DogeClaw,Gaming,10.00,0.0000%
1816,HOPE Lend,Lending,10.00,0.0000%
1817,Robinhood,CEX,10.00,0.0000%
1818,Levva,Liquidity Manager,10.00,0.0000%
1819,Blur Lending,NFT Lending,10.00,0.0000%
1820,DeGate,Dexs,9.99,0.0000%
1821,Pulsar Swap,Dexs,9.95,0.0000%
1822,Domani Protocol,Indexes,9.94,0.0000%
1823,SpiritSwap V3,Dexs,9.93,0.0000%
1824,Notional V3,Lending,9.79,0.0000%
1825,SMBSwap V3,Dexs,9.73,0.0000%
1826,Althea DEX,Dexs,9.66,0.0000%
1827,Yaka V3,Dexs,9.63,0.0000%
1828,MixSwap Finance,Farm,9.58,0.0000%
1829,Vicuna Leveraged Farming,Leveraged Farming,9.56,0.0000%
1830,Capybara AMM,Dexs,9.45,0.0000%
1831,EchoDEX V2,Dexs,9.09,0.0000%
1832,Bunni v1,Liquidity Manager,9.08,0.0000%
1833,TroyDefi,Farm,8.38,0.0000%
1834,ViperSwap,Dexs,8.16,0.0000%
1835,SHPRD,Indexes,8.14,0.0000%
1836,S Finance,Dexs,7.88,0.0000%
1837,MagicFox Vaults,Yield,7.76,0.0000%
1838,Spectra V2,Yield,7.46,0.0000%
1839,Spectrumswap,Farm,7.28,0.0000%
1840,Stronghands,Dexs,7.26,0.0000%
1841,PacificSwap V2,Dexs,7.14,0.0000%
1842,ChirpFinance,Farm,7.12,0.0000%
1843,Yaakoswap,Dexs,7.08,0.0000%
1844,Kriya AMM,Dexs,7.08,0.0000%
1845,Bao Masterchef V1,Farm,7.06,0.0000%
1846,RubikFarm,Farm,7.04,0.0000%
1847,Crema Finance,Dexs,7.04,0.0000%
1848,Coup Farm,Yield,6.88,0.0000%
1849,Navigator,Derivatives,6.18,0.0000%
1850,Algodex,Dexs,6.18,0.0000%
1851,GammaSwap Open Interest,Options,6.17,0.0000%
1852,Magma Finance ALMM,Dexs,6.16,0.0000%
1853,Neutrino,Indexes,6.11,0.0000%
1854,dTRINITY dUSD,Partially Algorithmic Stablecoin,6.00,0.0000%
1855,Rage Trade v1,Yield,5.97,0.0000%
1856,Unknown,Yield,5.75,0.0000%
1857,Templar Protocol,Lending,5.63,0.0000%
1858,unagiswap,Dexs,5.60,0.0000%
1859,Lendle Pooled Markets,Lending,5.54,0.0000%
1860,Vingt.io,Indexes,5.37,0.0000%
1861,Virtus Protocol AMM,Dexs,5.25,0.0000%
1862,Interest Protocol Stable Swap,Dexs,5.00,0.0000%
1863,SMARDEX P2P Lending,Lending,5.00,0.0000%
1864,Cub Finance,Farm,4.97,0.0000%
1865,MuggleLink,Services,4.74,0.0000%
1866,AbstraDEX,Dexs,4.70,0.0000%
1867,ETHA Lend,Yield,4.68,0.0000%
1868,ZenoLend,Lending,4.65,0.0000%
1869,Zoro Protocol,Lending,4.49,0.0000%
1870,mStable V2,CDP,4.48,0.0000%
1871,PattieSwap,Dexs,4.45,0.0000%
1872,CuanSwap,Dexs,4.43,0.0000%
1873,BIM Yield,Yield Aggregator,4.42,0.0000%
1874,Defi Kingdoms,Dexs,4.23,0.0000%
1875,OctoPow Finance,Dexs,4.11,0.0000%
1876,PowerFlow,Bridge,4.00,0.0000%
1877,SweetSwap,Dexs,3.70,0.0000%
1878,Beets DEX V3,Dexs,3.65,0.0000%
1879,Koyo Finance,Dexs,3.62,0.0000%
1880,LootSwap,Dexs,3.60,0.0000%
1881,V3S Finance,Algo-Stables,3.53,0.0000%
1882,IguanaDEX V2,Dexs,3.43,0.0000%
1883,Rooster Protocol V1,Dexs,3.40,0.0000%
1884,RadioShack,Dexs,3.36,0.0000%
1885,DackieSwap V2,Dexs,3.20,0.0000%
1886,Graphene by Velocimeter,Dexs,3.19,0.0000%
1887,Coffee Dex,Dexs,3.18,0.0000%
1888,Atlantis,Dexs,3.14,0.0000%
1889,Pharaoh Legacy,Dexs,3.12,0.0000%
1890,Pandora Swap,Dexs,3.11,0.0000%
1891,DegenHive AMM,Dexs,3.06,0.0000%
1892,Revest Finance,NFT Lending,3.00,0.0000%
1893,MANTRA DAO,Lending,3.00,0.0000%
1894,Nexapia,Dexs,2.99,0.0000%
1895,Capybara CLMM,Dexs,2.96,0.0000%
1896,EveryFinance,Indexes,2.95,0.0000%
1897,Haiko,Dexs,2.92,0.0000%
1898,Realperp,Derivatives,2.88,0.0000%
1899,Ajira Pay Finance V1,Payments,2.83,0.0000%
1900,AstroFi,Dexs,2.80,0.0000%
1901,Busta Exchange,Dexs,2.63,0.0000%
1902,DexFinance ETF,Yield,2.62,0.0000%
1903,FVM Exchange,Dexs,2.62,0.0000%
1904,QuokkaLend,Lending,2.59,0.0000%
1905,Akronswap,Dexs,2.53,0.0000%
1906,Zenland,Services,2.50,0.0000%
1907,Kimberlite,Yield,2.50,0.0000%
1908,NowSwap,Dexs,2.46,0.0000%
1909,Fuji V2,Lending,2.44,0.0000%
1910,TydeShift,Dexs,2.44,0.0000%
1911,1INTRO,Dexs,2.40,0.0000%
1912,Sushi Furo,Payments,2.35,0.0000%
1913,Reax Swaps,Dexs,2.28,0.0000%
1914,The Dragon's Lair,Yield,2.13,0.0000%
1915,Credit Coop,RWA Lending,2.11,0.0000%
1916,JioSwap,Dexs,2.00,0.0000%
1917,bitSmiley,CDP,2.00,0.0000%
1918,LogX V1,Derivatives,1.97,0.0000%
1919,Meowswap,Yield,1.93,0.0000%
1920,LogX V2,Derivatives,1.93,0.0000%
1921,Revault,Yield,1.92,0.0000%
1922,Omni Exchange Flux,Dexs,1.91,0.0000%
1923,Interest Protocol-SUI,Dexs,1.88,0.0000%
1924,ZKFairSwap,Dexs,1.85,0.0000%
1925,Grim Finance,Yield,1.84,0.0000%
1926,Mori Protocol,Dexs,1.82,0.0000%
1927,ArbiSwap,Dexs,1.82,0.0000%
1928,Liquify,Dexs,1.82,0.0000%
1929,Swapsicle V1,Dexs,1.81,0.0000%
1930,GooseFX V2,Dexs,1.75,0.0000%
1931,MantaSwap,Dexs,1.70,0.0000%
1932,swap.coffee,DEX Aggregator,1.63,0.0000%
1933,Esper Finance,Dexs,1.62,0.0000%
1934,Tokeniza,RWA,1.57,0.0000%
1935,Axion Finance V3,Dexs,1.48,0.0000%
1936,OkieSwap V2,Dexs,1.47,0.0000%
1937,Overnight Finance,CDP,1.46,0.0000%
1938,Stability,Liquidity Manager,1.41,0.0000%
1939,KyotoSwap,Dexs,1.40,0.0000%
1940,Onchain Trade,Derivatives,1.37,0.0000%
1941,Tea-Fi,Yield,1.33,0.0000%
1942,Catton,CDP,1.30,0.0000%
1943,Lendle Isolated Markets,Lending,1.28,0.0000%
1944,TendieSwap,Dexs,1.26,0.0000%
1945,Shadow Exchange Legacy,Dexs,1.25,0.0000%
1946,stabble CLMM,Dexs,1.24,0.0000%
1947,Mango Markets V4 Perps,Derivatives,1.21,0.0000%
1948,OmniBTC,Lending,1.20,0.0000%
1949,KnightSwap Lending,Lending,1.14,0.0000%
1950,Morphex V2,Derivatives,1.12,0.0000%
1951,UniWswap AMM,Dexs,1.09,0.0000%
1952,Somnex V3,Dexs,1.09,0.0000%
1953,CrossChain Bridge,Cross Chain Bridge,1.08,0.0000%
1954,SettleX V2,Dexs,1.07,0.0000%
1955,Rebalance Finance,Lending,1.07,0.0000%
1956,BaptSwap V2,Dexs,1.06,0.0000%
1957,Fufuture Contract,Derivatives,1.06,0.0000%
1958,Ploutos Money,Lending,1.02,0.0000%
1959,Nexion DEX,Dexs,1.02,0.0000%
1960,Zena Finance,Dexs,1.00,0.0000%
1961,SSAP,Lending,1.00,0.0000%
1962,Incognito,Dexs,1.00,0.0000%
1963,Poolside,Dexs,1.00,0.0000%
1964,Drops,NFT Lending,1.00,0.0000%
1965,Midas Capital,Lending,1.00,0.0000%
1966,Moth Finance,Algo-Stables,1.00,0.0000%
1967,GoatSwap V2,Dexs,0.98,0.0000%
1968,Equalizer Exchange,Dexs,0.98,0.0000%
1969,Rikkei Finance,Lending,0.98,0.0000%
1970,Levinswap,Dexs,0.95,0.0000%
1971,OrderNChaos,Algo-Stables,0.94,0.0000%
1972,XDeFi,Dexs,0.88,0.0000%
1973,Thorn Protocol,Dexs,0.86,0.0000%
1974,Lucky Peaches,Lending,0.86,0.0000%
1975,Avaware,Yield,0.84,0.0000%
1976,Lume Finance,Farm,0.83,0.0000%
1977,Papa DAO,Reserve Currency,0.76,0.0000%
1978,ELYFI,RWA,0.73,0.0000%
1979,Amped Finance,Derivatives,0.73,0.0000%
1980,HaloTrade EVM,Dexs,0.70,0.0000%
1981,Aquas Trade,Dexs,0.70,0.0000%
1982,ReHold V2,Yield,0.69,0.0000%
1983,LineHub V2,Dexs,0.69,0.0000%
1984,Lif3 Swap,Dexs,0.67,0.0000%
1985,SpookySwap V2,Dexs,0.63,0.0000%
1986,KingDefi,Yield,0.63,0.0000%
1987,Capy Finance,Farm,0.61,0.0000%
1988,PowSea,Dexs,0.52,0.0000%
1989,Strike,Lending,0.50,0.0000%
1990,Tempest Capital,Lending,0.50,0.0000%
1991,Hakura Protocol,Lending,0.50,0.0000%
1992,Reservoir Protocol,CDP,0.49,0.0000%
1993,StakePoint,Farm,0.49,0.0000%
1994,Chimeradex Swap,Dexs,0.49,0.0000%
1995,Velocore V1,Dexs,0.47,0.0000%
1996,BounceBit Swap V2,Dexs,0.47,0.0000%
1997,Nexion Vaults,Yield,0.47,0.0000%
1998,Kayak V3,Dexs,0.46,0.0000%
1999,bitCow,Dexs,0.46,0.0000%
2000,Mjolnir Exchange,Derivatives,0.42,0.0000%
2001,Frax Swap,Dexs,0.41,0.0000%
2002,P2PFlip,Luck Games,0.39,0.0000%
2003,Y2R,Yield Aggregator,0.39,0.0000%
2004,Cropper CLMM,Dexs,0.35,0.0000%
2005,BounceBit Swap V3,Dexs,0.35,0.0000%
2006,SimpleDEX,Dexs,0.34,0.0000%
2007,SonicSwap,Dexs,0.32,0.0000%
2008,CoFiX,Dexs,0.32,0.0000%
2009,Pidao Finance,Reserve Currency,0.29,0.0000%
2010,PizzaX,Ponzi,0.29,0.0000%
2011,VoltageSwap,Dexs,0.28,0.0000%
2012,EcoDeFi,Lending,0.26,0.0000%
2013,Asgard Dao,Reserve Currency,0.23,0.0000%
2014,Injera,CDP,0.23,0.0000%
2015,DAOLama,Lending,0.23,0.0000%
2016,v2swap,Dexs,0.22,0.0000%
2017,Hakka Finance,Derivatives,0.22,0.0000%
2018,Omni Exchange V2,Dexs,0.22,0.0000%
2019,DuckyDeFi,Dexs,0.20,0.0000%
2020,Unilend Protocol,Lending,0.20,0.0000%
2021,OpenXswap,Dexs,0.20,0.0000%
2022,KEWL EXCHANGE,Dexs,0.20,0.0000%
2023,BlueSpade,Derivatives,0.17,0.0000%
2024,Bow,Yield,0.16,0.0000%
2025,RCPswap,Dexs,0.16,0.0000%
2026,TakoTako,Lending,0.14,0.0000%
2027,StackFi,Lending,0.13,0.0000%
2028,Dot Dot Finance,Yield,0.13,0.0000%
2029,Alien Base V3,Dexs,0.13,0.0000%
2030,dVOL,Options Vault,0.12,0.0000%
2031,Earnifty,Yield Aggregator,0.12,0.0000%
2032,AstroSwap,Dexs,0.12,0.0000%
2033,Rollup Finance Stake,Derivatives,0.10,0.0000%
2034,Procyon,Farm,0.10,0.0000%
2035,CantoSwap,Dexs,0.10,0.0000%
2036,Camelot V2,Dexs,0.09,0.0000%
2037,EVO,Dexs,0.09,0.0000%
2038,Tivel Finance,Options Vault,0.09,0.0000%
2039,BounceBit pre-launch Farm,Farm,0.09,0.0000%
2040,GrokSwap,Dexs,0.09,0.0000%
2041,StableSwap,Dexs,0.08,0.0000%
2042,FomoSwap V4,Dexs,0.08,0.0000%
2043,ApplePie,Farm,0.07,0.0000%
2044,TonsOfFriends,SoFi,0.07,0.0000%
2045,Swapline V2,Dexs,0.06,0.0000%
2046,DeltaTrade,Dexs,0.06,0.0000%
2047,RAIDSHIFT Marketplace,Dexs,0.06,0.0000%
2048,reddex,Dexs,0.06,0.0000%
2049,Bitty,NFT Lending,0.05,0.0000%
2050,Kyborg Exchange,Dexs,0.05,0.0000%
2051,Obyte Friends,SoFi,0.05,0.0000%
2052,SpiritSwap AMM,Dexs,0.05,0.0000%
2053,C14,Lending,0.04,0.0000%
2054,Annex,Lending,0.04,0.0000%
2055,Cthulhu.Finance,Yield Aggregator,0.04,0.0000%
2056,Bitlen Finance,Lending,0.04,0.0000%
2057,MultichainZ,Lending,0.04,0.0000%
2058,BendDAO Lending,NFT Lending,0.03,0.0000%
2059,Asteria Finance,Dexs,0.03,0.0000%
2060,FXDX,Derivatives,0.03,0.0000%
2061,TiFi,Dexs,0.03,0.0000%
2062,MoonLift,Dexs,0.03,0.0000%
2063,Cleopatra Legacy,Dexs,0.03,0.0000%
2064,Holdstation Swap,Dexs,0.02,0.0000%
2065,Soy Finance,Dexs,0.02,0.0000%
2066,PassDEX,Dexs,0.02,0.0000%
2067,Ronin Bridge,Canonical Bridge,0.02,0.0000%
2068,Magik Farm,Yield Aggregator,0.02,0.0000%
2069,GooseFX V1,Dexs,0.02,0.0000%
2070,Kurrency,CDP,0.01,0.0000%
2071,Mare Finance V2,Lending,0.01,0.0000%
2072,Kalata,Synthetics,0.01,0.0000%
2073,Zircon Gamma,Dexs,0.01,0.0000%
2074,Impermax V3,Lending,0.01,0.0000%
2075,Antimatter,Options,0.01,0.0000%
2076,0xLend,Lending,0.01,0.0000%
2077,Alien Base V2,Dexs,0.01,0.0000%
2078,Scale,Dexs,0.01,0.0000%
2079,DeltaTheta,Options,0.01,0.0000%
2080,Standard Spot CLOB,Dexs,0.01,0.0000%
2081,NODO,Prediction Market,0.01,0.0000%
2082,Ajna V1,Lending,0.01,0.0000%
2083,Agus,Dexs,0.01,0.0000%
2084,Usury Finance,Lending,0.01,0.0000%
2085,Parrot Protocol,CDP,0.01,0.0000%
2086,Demodyfi,Dexs,0.01,0.0000%
2087,Klap,Lending,0.01,0.0000%
2088,Pharaoh V3 Legacy,Dexs,0.01,0.0000%
2089,Reax Lending,Lending,0.01,0.0000%
2090,Euler V1,Lending,0.01,0.0000%
2091,iLend V2,Lending,0.01,0.0000%
2092,MorpheusAI,AI Agents,0.00,0.0000%
2093,BeGlobal Finance,Dexs,0.00,0.0000%
2094,SeaLightSwap,Dexs,0.00,0.0000%
2095,Nusa,Lending,0.00,0.0000%
2096,Hundred Finance,Lending,0.00,0.0000%
2097,Colors,Farm,0.00,0.0000%
2098,TachySwap,Dexs,0.00,0.0000%
2099,Tarina,Dexs,0.00,0.0000%
2100,OracleFreeDollar,CDP,0.00,0.0000%
2101,BetterLend,Lending,0.00,0.0000%
2102,Lendle Yield,Yield,0.00,0.0000%
2103,Treble Spot,Dexs,0.00,0.0000%
2104,Donkeswap,Dexs,0.00,0.0000%
2105,Index Coop,Indexes,0.00,0.0000%
2106,Typus DOV,Options Vault,0.00,0.0000%
2107,Morpho Optimizer AaveV3,Lending,0.00,0.0000%
2108,Tranquil Finance,Lending,0.00,0.0000%
2109,SoliDex Finance V2,Dexs,0.00,0.0000%
2110,BoomSwap,Dexs,0.00,0.0000%
2111,Axion Finance V2,Dexs,0.00,0.0000%
2112,Snowflake Exchange,Dexs,0.00,0.0000%
2113,Energyfi,Dexs,0.00,0.0000%
2114,iZiSwap Classic,Dexs,0.00,0.0000%
2115,Bagel Finance V1,Dexs,0.00,0.0000%
2116,WinerySwap,Dexs,0.00,0.0000%
2117,CashCow Finance,Lending,0.00,0.0000%
2118,Beralis V3,Dexs,0.00,0.0000%
2119,Arbswap AMM,Dexs,0.00,0.0000%
2120,Weero V2,Dexs,0.00,0.0000%
2121,LND,Lending,0.00,0.0000%
2122,Wonton,Launchpad,0.00,0.0000%
2123,Orion Money,Yield,0.00,0.0000%
2124,PWN,Lending,0.00,0.0000%
2125,NBX,CEX,0.00,0.0000%
2126,PixelSwap,Dexs,0.00,0.0000%
2127,OreSwap,Dexs,0.00,0.0000%
2128,Bake.io,CEX,0.00,0.0000%
2129,RIZE,Yield Aggregator,0.00,0.0000%
2130,XSwap V2,Dexs,0.00,0.0000%
2131,PiperX V3,Dexs,0.00,0.0000%
2132,Atlas Exchange,Dexs,0.00,0.0000%
2133,KLend,Lending,0.00,0.0000%
2134,OBSwap,Dexs,0.00,0.0000%
2135,Fyde Protocol,Yield Aggregator,0.00,0.0000%
2136,Jasper Vault,Options,0.00,0.0000%
2137,Nirvana V1,CDP,0.00,0.0000%
2138,DONASWAP V2,Dexs,0.00,0.0000%
2139,D8X,Derivatives,0.00,0.0000%
2140,SettleX V3,Dexs,0.00,0.0000%
2141,PandaSwap,Dexs,0.00,0.0000%
2142,DogeSwapOrg,Dexs,0.00,0.0000%
2143,BIMA CDP,CDP,0.00,0.0000%
2144,SingularityDAO,Yield,0.00,0.0000%
2145,Everclear,Cross Chain Bridge,0.00,0.0000%
2146,PepeDex,Gaming,0.00,0.0000%
2147,HipPoWSwap,Dexs,0.00,0.0000%
2148,Stout,CDP,0.00,0.0000%
2149,Hover,Lending,0.00,0.0000%
2150,2Pi Network,Yield,0.00,0.0000%
2151,Satsuma,Dexs,0.00,0.0000%
2152,StellaSwap V4,Dexs,0.00,0.0000%
2153,Merchant Finance,Lending,0.00,0.0000%
2154,zkFox,Leveraged Farming,0.00,0.0000%
2155,Yodeswap,Dexs,0.00,0.0000%
2156,Story Hunt,Dexs,0.00,0.0000%
2157,Onyx Protocol,Lending,0.00,0.0000%
2158,MateSwap,Dexs,0.00,0.0000%
2159,Arena DEX,Dexs,0.00,0.0000%
2160,SwapX V2,Dexs,0.00,0.0000%
2161,Antfarm finance,Liquidity Manager,0.00,0.0000%
2162,BeamSwap V3,Dexs,0.00,0.0000%
2163,Sonne Finance,Lending,0.00,0.0000%
2164,unFederalReserve,Lending,0.00,0.0000%
2165,Wise Lending V2,Lending,0.00,0.0000%
2166,Aquarius Loan,Lending,0.00,0.0000%
2167,ChadFinance,Dexs,0.00,0.0000%
2168,Rho Markets,Lending,0.00,0.0000%
2169,Demex Perp,Derivatives,0.00,0.0000%
2170,Welnance,Chain,0.00,0.0000%
2171,Fizzswap V2,Dexs,0.00,0.0000%
2172,Fizzswap V3,Dexs,0.00,0.0000%
2173,Fortress Loans,Lending,0.00,0.0000%
2174,Inferno Swap,Dexs,0.00,0.0000%
2175,Angle,CDP,0.00,0.0000%